Test Sponsor,System Name,Paralled,Base Threads,Enabled Cores,Enabled Chips,Threads/Core,Base Results,Peak Results
ASRock Rack Inc.,"1U4LW-X570 RPSU AMD Ryzen 7 5800X,3.8GHz",Yes,8,8,1,2,46.1 ,47.5 
ASRock Rack Inc.,1U4LW-B650/2L2T RPSU AMD Ryzen 9 7950X,Yes,16,16,1,2,92.1 ,92.7 
ASUSTeK Computer Inc.,"ASUS RS700-E9(Z11PP-D24) Server System (2.70 GHz, Intel Xeon Gold 6150)",Yes,36,36,2,1,116   ,117   
ASUSTeK Computer Inc.,"ASUS RS700-E9(Z11PP-D24) Server System (2.10 GHz, Intel Xeon Platinum 8176)",Yes,56,56,2,1,124   ,125   
ASUSTeK Computer Inc.,"ASUS WS C621E SAGE Server System (2.50 GHz, Intel Xeon Platinum 8180)",Yes,56,56,2,1,134   ,136   
ASUSTeK Computer Inc.,"ASUS WS C621E SAGE Server System (3.00 GHz, Intel Xeon Gold 6154)",Yes,36,36,2,1,122   ,123   
ASUSTeK Computer Inc.,"ASUS RS720Q-E9(Z11PH-D12) Server System (2.70 GHz, Intel Xeon Gold 6150)",Yes,36,36,2,1,119   ,119   
ASUSTeK Computer Inc.,"ASUS RS720Q-E9(Z11PH-D12) Server System (2.10 GHz, Intel Xeon Platinum 8176)",Yes,56,56,2,1,126   ,127   
ASUSTeK Computer Inc.,"ASUS RS720Q-E9(Z11PH-D12) Server System (3.50 GHz, Intel Xeon Gold 6144)",Yes,16,16,2,1,91.1 ,92.3 
ASUSTeK Computer Inc.,"ASUS RS720Q-E9(Z11PH-D12) Server System (2.40 GHz, Intel Xeon Gold 6148)",Yes,40,40,2,1,117   ,118   
ASUSTeK Computer Inc.,"ASUS RS720Q-E9(Z11PH-D12) Server System (3.40 GHz, Intel Xeon Gold 6128)",Yes,24,12,2,2,76.6 ,77.3 
ASUSTeK Computer Inc.,"ASUS RS720Q-E9(Z11PH-D12) Server System (2.00 GHz, Intel Xeon Gold 6138)",Yes,40,40,2,1,112   ,112   
ASUSTeK Computer Inc.,"ASUS RS720-E9(Z11PP-D24) Server System (2.50 GHz, Intel Xeon Platinum 8180)",Yes,56,56,2,1,133   ,134   
ASUSTeK Computer Inc.,"ASUS RS720Q-E9(Z11PH-D12) Server System (2.60 GHz, Intel Xeon Gold 6126)",Yes,24,24,2,1,101   ,102   
ASUSTeK Computer Inc.,"ASUS RS720Q-E9(Z11PH-D12) Server System (3.20 GHz, Intel Xeon Gold 6134)",Yes,32,16,2,2,94.9 ,95.4 
ASUSTeK Computer Inc.,"ASUS RS720Q-E9(Z11PH-D12) Server System (3.00 GHz, Intel Xeon Gold 6136)",Yes,24,24,2,1,108   ,109   
ASUSTeK Computer Inc.,"ASUS RS720Q-E9(Z11PH-D12) Server System (3.20 GHz, Intel Xeon Gold 6146)",Yes,24,24,2,1,110   ,111   
ASUSTeK Computer Inc.,"ASUS RS720Q-E9(Z11PH-D12) Server System (2.20 GHz, Intel Xeon Silver 4114)",Yes,20,20,2,1,75.7 ,76.5 
ASUSTeK Computer Inc.,"ASUS RS720Q-E9(Z11PH-D12) Server System (2.40 GHz, Intel Xeon Gold 5115)",Yes,20,20,2,1,79.5 ,80.2 
ASUSTeK Computer Inc.,"ASUS RS720Q-E9(Z11PH-D12) Server System (2.30 GHz, Intel Xeon Gold 6140)",Yes,36,36,2,1,114   ,115   
ASUSTeK Computer Inc.,"ASUS RS720Q-E9(Z11PH-D12) Server System (2.20 GHz, Intel Xeon Gold 5120)",Yes,28,28,2,1,90.4 ,92.2 
ASUSTeK Computer Inc.,"ASUS RS720Q-E9(Z11PH-D12) Server System (2.10 GHz, Intel Xeon Gold 6130T)",Yes,32,32,2,1,111   ,111   
ASUSTeK Computer Inc.,"ASUS RS720Q-E9(Z11PH-D12) Server System (2.00 GHz, Intel Xeon Platinum 8153)",Yes,32,32,2,1,101   ,103   
ASUSTeK Computer Inc.,"ASUS RS720Q-E9(Z11PH-D12) Server System (2.60 GHz, Intel Xeon Gold 6132)",Yes,28,28,2,1,107   ,107   
ASUSTeK Computer Inc.,"ASUS RS300-E10(P11C-C/4L) Server System (3.80 GHz, Intel Xeon E-2186G)",Yes,12,6,1,2,32.7 ,33.0 
ASUSTeK Computer Inc.,"ASUS RS300-E10(P11C-C/4L) Server System (3.70 GHz, Intel Xeon E-2176G)",Yes,12,6,1,2,32.7 ,33.0 
ASUSTeK Computer Inc.,"ASUS RS300-E10(P11C-C/4L) Server System (3.30 GHz, Intel Xeon E-2136)",Yes,12,6,1,2,32.4 ,32.8 
ASUSTeK Computer Inc.,"ASUS RS300-E10(P11C-C/4L) Server System (3.80 GHz, Intel Xeon E-2174G)",Yes,8,4,1,2,28.0 ,28.3 
ASUSTeK Computer Inc.,"ASUS RS700-E9(Z11PP-D24) Server System (2.10 GHz, Intel Xeon Silver 4116)",Yes,24,24,2,1,86.6 ,87.1 
ASUSTeK Computer Inc.,"ASUS RS300-E10(P11C-C/4L) Server System (3.30 GHz, Intel Xeon E-2124)",Yes,4,4,1,1,26.3 ,26.6 
ASUSTeK Computer Inc.,"ASUS RS300-E10(P11C-C/4L) Server System (3.40 GHz, Intel Xeon E-2124G)",Yes,4,4,1,1,26.7 ,27.1 
ASUSTeK Computer Inc.,"ASUS RS300-E10(P11C-C/4L) Server System (3.20 GHz, Intel Xeon E-2104G)",Yes,4,4,1,1,23.9 ,24.2 
ASUSTeK Computer Inc.,"ASUS ESC8000 G4(Z11PG-D24) Server System (2.70 GHz, Intel Xeon Platinum 8280L)",Yes,56,56,2,1,164   ,165   
ASUSTeK Computer Inc.,"ASUS ESC8000 G4(Z11PG-D24) Server System (2.70 GHz, Intel Xeon Platinum 8280L)",Yes,56,56,2,1,163   ,164   
ASUSTeK Computer Inc.,"ASUS RS300-E10(P11C-C/4L) Server System (3.30 GHz, Intel Xeon E-2126G)",Yes,6,6,1,1,31.6 ,32.0 
ASUSTeK Computer Inc.,"ASUS RS300-E10(P11C-C/4L) Server System (3.50 GHz, Intel Xeon E-2146G)",Yes,12,6,1,2,32.1 ,32.4 
ASUSTeK Computer Inc.,"ASUS ESC8000 G4(Z11PG-D24) Server System (3.60 GHz, Intel Xeon Gold 6244)",Yes,32,16,2,2,114   ,115   
ASUSTeK Computer Inc.,"ASUS ESC8000 G4(Z11PG-D24) Server System (2.20 GHz, Intel Xeon Platinum 8276M)",Yes,56,56,2,1,152   ,152   
ASUSTeK Computer Inc.,"ASUS RS300-E10(P11C-C/4L) Server System (3.50 GHz, Intel Xeon E-2134)",Yes,8,4,1,2,27.7 ,28.0 
ASUSTeK Computer Inc.,"ASUS ESC8000 G4(Z11PG-D24) Server System (1.90 GHz, Intel Xeon Gold 6238T)",Yes,44,44,2,1,137   ,138   
ASUSTeK Computer Inc.,"ASUS ESC8000 G4(Z11PG-D24) Server System (3.30 GHz, Intel Xeon Gold 6246)",Yes,24,24,2,1,133   ,134   
ASUSTeK Computer Inc.,"ASUS ESC8000 G4(Z11PG-D24) Server System (2.20 GHz, Intel Xeon Platinum 8253)",Yes,32,32,2,1,120   ,120   
ASUSTeK Computer Inc.,"ASUS RS300-E10(P11C-C/4L) Server System (3.60 GHz, Intel Xeon E-2144G)",Yes,8,4,1,2,27.8 ,28.1 
ASUSTeK Computer Inc.,"ASUS ESC8000 G4(Z11PG-D24) Server System (2.10 GHz, Intel Xeon Gold 6230)",Yes,40,40,2,1,138   ,138   
ASUSTeK Computer Inc.,"ASUS ESC8000 G4(Z11PG-D24) Server System (2.50 GHz, Intel Xeon Gold 6248)",Yes,40,40,2,1,146   ,147   
ASUSTeK Computer Inc.,"ASUS ESC8000 G4(Z11PG-D24) Server System (2.20 GHz, Intel Xeon Gold 5220)",Yes,36,36,2,1,127   ,128   
ASUSTeK Computer Inc.,"ASUS ESC8000 G4(Z11PG-D24) Server System (2.70 GHz, Intel Xeon Gold 6226)",Yes,24,24,2,1,121   ,121   
ASUSTeK Computer Inc.,"ASUS ESC8000 G4(Z11PG-D24) Server System (3.00 GHz, Intel Xeon Gold 5217)",Yes,32,16,2,2,91.1 ,91.4 
ASUSTeK Computer Inc.,"ASUS ESC8000 G4(Z11PG-D24) Server System (2.30 GHz, Intel Xeon Gold 5218)",Yes,32,32,2,1,124   ,125   
ASUSTeK Computer Inc.,"ASUS ESC8000 G4(Z11PG-D24) Server System (2.30 GHz, Intel Xeon Gold 5218B)",Yes,32,32,2,1,125   ,125   
ASUSTeK Computer Inc.,"ASUS ESC8000 G4(Z11PG-D24) Server System (2.50 GHz, Intel Xeon Gold 5215)",Yes,20,20,2,1,96.6 ,97.3 
ASUSTeK Computer Inc.,"ASUS RS100-E10(P11C-M/4L) Server System (3.40 GHz, Intel Xeon E-2124G)",Yes,4,4,1,1,27.1 ,27.5 
ASUSTeK Computer Inc.,"ASUS RS100-E10(P11C-M/4L) Server System (3.20 GHz, Intel Xeon E-2104G)",Yes,4,4,1,1,23.8 ,24.2 
ASUSTeK Computer Inc.,"ASUS RS100-E10(P11C-M/4L) Server System (3.30 GHz, Intel Xeon E-2124)",Yes,4,4,1,1,26.3 ,26.7 
ASUSTeK Computer Inc.,"ASUS ESC8000 G4(Z11PG-D24) Server System (2.20 GHz, Intel Xeon Silver 4214)",Yes,24,24,2,1,99.8 ,101   
ASUSTeK Computer Inc.,"ASUS ESC8000 G4(Z11PG-D24) Server System (2.50 GHz, Intel Xeon Silver 4215)",Yes,32,16,2,2,84.0 ,84.2 
ASUSTeK Computer Inc.,"ASUS ESC8000 G4(Z11PG-D24) Server System (2.10 GHz, Intel Xeon Silver 4208)",Yes,32,16,2,2,72.9 ,73.2 
ASUSTeK Computer Inc.,"ASUS ESC8000 G4(Z11PG-D24) Server System (2.20 GHz, Intel Xeon Silver 4210)",Yes,20,20,2,1,87.1 ,87.8 
ASUSTeK Computer Inc.,"ASUS ESC8000 G4(Z11PG-D24) Server System (2.10 GHz, Intel Xeon Silver 4216)",Yes,32,32,2,1,119   ,119   
ASUSTeK Computer Inc.,"ASUS RS100-E10(P11C-M/4L) Server System (3.70 GHz, Intel Xeon E-2176G)",Yes,12,6,1,2,32.7 ,33.0 
ASUSTeK Computer Inc.,"ASUS ESC8000 G4(Z11PG-D24) Server System (1.90 GHz, Intel Xeon Bronze 3204)",Yes,12,12,2,1,45.9 ,46.4 
ASUSTeK Computer Inc.,"ASUS RS100-E10(P11C-M/4L) Server System (3.30 GHz, Intel Xeon E-2126G)",Yes,6,6,1,1,32.4 ,32.8 
ASUSTeK Computer Inc.,"ASUS RS100-E10(P11C-M/4L) Server System (3.50 GHz, Intel Xeon E-2134)",Yes,8,4,1,2,27.9 ,28.2 
ASUSTeK Computer Inc.,"ASUS RS100-E10(P11C-M/4L) Server System (3.30 GHz, Intel Xeon E-2136)",Yes,12,6,1,2,32.7 ,33.1 
ASUSTeK Computer Inc.,"ASUS RS100-E10(P11C-M/4L) Server System (3.60 GHz, Intel Xeon E-2144G)",Yes,8,4,1,2,28.1 ,28.5 
ASUSTeK Computer Inc.,"ASUS RS100-E10(P11C-M/4L) Server System (3.50 GHz, Intel Xeon E-2146G)",Yes,12,6,1,2,32.6 ,33.0 
ASUSTeK Computer Inc.,"ASUS RS100-E10(P11C-M/4L) Server System (3.80 GHz, Intel Xeon E-2174G)",Yes,8,4,1,2,28.2 ,28.6 
ASUSTeK Computer Inc.,"ASUS RS500A-E10(KRPA-U16) Server System 2.25 GHz, AMD EPYC 7742",Yes,64,64,1,2,136   ,141   
ASUSTeK Computer Inc.,"ASUS ESC8000 G4(Z11PG-D24) Server System (2.60 GHz, Intel Xeon Gold 6240M)",Yes,36,36,2,1,138   ,138   
ASUSTeK Computer Inc.,"ASUS ESC8000 G4(Z11PG-D24) Server System (2.10 GHz, Intel Xeon Gold 6252)",Yes,48,48,2,1,148   ,149   
ASUSTeK Computer Inc.,"ASUS ESC8000 G4(Z11PG-D24) Server System (3.80 GHz, Intel Xeon Platinum 8256)",Yes,16,8,2,2,66.0 ,66.4 
ASUSTeK Computer Inc.,"ASUS ESC8000 G4(Z11PG-D24) Server System (2.40 GHz, Intel Xeon Platinum 8260M)",Yes,48,48,2,1,154   ,154   
ASUSTeK Computer Inc.,"ASUS RS500A-E10(KRPA-U16) Server System 2.00 GHz, AMD EPYC 7702P",Yes,64,64,1,2,133   ,137   
ASUSTeK Computer Inc.,"ASUS RS500A-E10(KRPA-U16) Server System 2.90 GHz, AMD EPYC 7542",Yes,32,32,1,2,110   ,112   
ASUSTeK Computer Inc.,"ASUS RS500A-E10(KRPA-U16) Server System 2.80 GHz, AMD EPYC 7402P",Yes,24,24,1,2,95.0 ,97.4 
ASUSTeK Computer Inc.,"ASUS RS500A-E10(KRPA-U16) Server System 2.50 GHz, AMD EPYC 7502P",Yes,32,32,1,2,109   ,111   
ASUSTeK Computer Inc.,"ASUS RS300-E10(P11C-C/4L) Server System (3.70 GHz, Intel Xeon E-2288G)",Yes,8,8,1,1,38.2 ,38.8 
ASUSTeK Computer Inc.,"ASUS RS700A-E9V2(KNPP-D32-R) Server System 2.25 GHz, AMD EPYC 7742",Yes,128,128,2,2,202   ,209   
ASUSTeK Computer Inc.,"ASUS RS500A-E10(KRPA-U16) Server System 3.00 GHz, AMD EPYC 7302P",Yes,16,16,1,2,80.0 ,83.2 
ASUSTeK Computer Inc.,"ASUS RS500A-E10(KRPA-U16) Server System 2.30 GHz, AMD EPYC 7352",Yes,24,24,1,2,92.9 ,95.2 
ASUSTeK Computer Inc.,"ASUS RS700A-E9V2(KNPP-D32-R) Server System 2.00 GHz, AMD EPYC 7702",Yes,128,128,2,2,198   ,205   
ASUSTeK Computer Inc.,"ASUS RS300-E10(P11C-C/4L) Server System (3.80 GHz, Intel Xeon E-2276G)",Yes,12,6,1,2,34.1 ,34.4 
ASUSTeK Computer Inc.,"ASUS RS300-E10(P11C-C/4L) Server System (3.40 GHz, Intel Xeon E-2278G)",Yes,8,8,1,1,37.8 ,38.4 
ASUSTeK Computer Inc.,"ASUS RS300-E10(P11C-C/4L) Server System (4.00 GHz, Intel Xeon E-2286G)",Yes,6,6,1,1,33.9 ,34.3 
ASUSTeK Computer Inc.,"ASUS RS300-E10(P11C-C/4L) Server System (4.00 GHz, Intel Xeon E-2274G)",Yes,8,4,1,2,28.8 ,29.1 
ASUSTeK Computer Inc.,"ASUS RS700A-E9V2(KNPP-D32-R) Server System 2.80 GHz, AMD EPYC 7402",Yes,48,48,2,2,144   ,148   
ASUSTeK Computer Inc.,"ASUS RS700A-E9V2(KNPP-D32-R) Server System 2.50 GHz, AMD EPYC 7502",Yes,64,64,2,2,162   ,168   
ASUSTeK Computer Inc.,"ASUS RS500A-E10(KRPA-U16) Server System 3.20 GHz, AMD EPYC 7262",Yes,8,8,1,2,50.5 ,53.9 
ASUSTeK Computer Inc.,"ASUS RS700A-E9V2(KNPP-D32-R) Server System 3.00 GHz, AMD EPYC 7302",Yes,32,32,2,2,126   ,129   
ASUSTeK Computer Inc.,"ASUS RS500A-E10(KRPA-U16) Server System 2.25 GHz, AMD EPYC 7742",Yes,64,64,1,2,138   ,142   
ASUSTeK Computer Inc.,"ASUS RS300-E10(P11C-C/4L) Server System (3.60 GHz, Intel Xeon E-2234)",Yes,8,4,1,2,28.8 ,29.1 
ASUSTeK Computer Inc.,"ASUS RS300-E10(P11C-C/4L) Server System (3.40 GHz, Intel Xeon E-2236)",Yes,12,6,1,2,33.7 ,34.1 
ASUSTeK Computer Inc.,"ASUS RS300-E10(P11C-C/4L) Server System (3.80 GHz, Intel Xeon E-2244G)",Yes,8,4,1,2,29.0 ,29.4 
ASUSTeK Computer Inc.,"ASUS RS300-E10(P11C-C/4L) Server System (3.60 GHz, Intel Xeon E-2246G)",Yes,12,6,1,2,33.1 ,33.4 
ASUSTeK Computer Inc.,"ASUS RS300-E10(P11C-C/4L) Server System (3.40 GHz, Intel Xeon E-2224)",Yes,4,4,1,1,27.4 ,27.8 
ASUSTeK Computer Inc.,"ASUS RS300-E10(P11C-C/4L) Server System (3.50 GHz, Intel Xeon E-2224G)",Yes,4,4,1,1,27.9 ,28.2 
ASUSTeK Computer Inc.,"ASUS RS300-E10(P11C-C/4L) Server System (3.40 GHz, Intel Xeon E-2226G)",Yes,6,6,1,1,33.2 ,33.5 
ASUSTeK Computer Inc.,"ASUS RS700A-E9V2(KNPP-D32-R) Server System 2.25 GHz, AMD EPYC 7742",Yes,128,128,2,2,206   ,213   
ASUSTeK Computer Inc.,"ASUS ESC8000 G4(Z11PG-D24) Server System (2.70 GHz, Intel Xeon Gold 6258R)",Yes,56,56,2,1,163   ,164   
ASUSTeK Computer Inc.,"ASUS ESC8000 G4(Z11PG-D24) Server System (3.90 GHz, Intel Xeon Gold 6250)",Yes,32,16,2,2,117   ,117   
ASUSTeK Computer Inc.,"ASUS RS700A-E9V2(KNPP-D32-R) Server System 3.20 GHz, AMD EPYC 7F72",Yes,48,48,2,2,154   ,157   
ASUSTeK Computer Inc.,"ASUS RS500A-E10(KRPA-U16) Server System 3.70 GHz, AMD EPYC 7F32",Yes,16,8,1,2,64.5 ,64.6 
ASUSTeK Computer Inc.,"ASUS RS500A-E10(KRPA-U16) Server System 3.50 GHz, AMD EPYC 7F52",Yes,16,16,1,2,93.6 ,97.5 
ASUSTeK Computer Inc.,"ASUS RS500A-E10(KRPA-U16) Server System 3.20 GHz, AMD EPYC 7F72",Yes,24,24,1,2,107   ,110   
ASUSTeK Computer Inc.,"ASUS RS500A-E10(KRPA-U16) Server System 2.60 GHz, AMD EPYC 7H12",Yes,64,64,1,2,139   ,144   
ASUSTeK Computer Inc.,"ASUS RS700A-E9V2(KNPP-D32-R) Server System 3.70 GHz, AMD EPYC 7F32",Yes,16,16,2,2,92.7 ,96.2 
ASUSTeK Computer Inc.,"ASUS RS700A-E9V2(KNPP-D32-R) Server System 3.50 GHz, AMD EPYC 7F52",Yes,32,32,2,2,135   ,141   
ASUSTeK Computer Inc.,"ASUS RS500A-E10(KRPA-U16) Server System 2.90 GHz, AMD EPYC 7272",Yes,24,12,1,2,59.2 ,59.3 
ASUSTeK Computer Inc.,"ASUS RS500A-E10(KRPA-U16) Server System 2.80 GHz, AMD EPYC 7282",Yes,16,16,1,2,65.2 ,67.8 
ASUSTeK Computer Inc.,"ASUS RS500A-E10(KRPA-U16) Server System 2.20 GHz, AMD EPYC 7552",Yes,48,48,1,2,124   ,126   
ASUSTeK Computer Inc.,"ASUS RS500A-E10(KRPA-U16) Server System 2.00 GHz, AMD EPYC 7662",Yes,64,64,1,2,137   ,141   
ASUSTeK Computer Inc.,"ASUS ESC8000 G4(Z11PG-D24) Server System (3.40 GHz, Intel Xeon Gold 6246R)",Yes,32,32,2,1,154   ,155   
ASUSTeK Computer Inc.,"ASUS RS500A-E10(KRPA-U16) Server System 3.10 GHz, AMD EPYC 7232P",Yes,16,8,1,2,48.2 ,48.3 
ASUSTeK Computer Inc.,"ASUS RS500A-E10(KRPA-U16) Server System 3.10 GHz, AMD EPYC 7252",Yes,16,8,1,2,50.0 ,50.1 
ASUSTeK Computer Inc.,"ASUS ESC8000 G4(Z11PG-D24) Server System (2.40 GHz, Intel Xeon Gold 6240R)",Yes,48,48,2,1,161   ,162   
ASUSTeK Computer Inc.,"ASUS ESC8000 G4(Z11PG-D24) Server System (3.60 GHz, Intel Xeon Gold 6256)",Yes,24,24,2,1,136   ,137   
ASUSTeK Computer Inc.,"ASUS RS700A-E9V2(KNPP-D32-R) Server System 2.00 GHz, AMD EPYC 7662",Yes,128,128,2,2,205   ,213   
ASUSTeK Computer Inc.,"ASUS ESC8000 G4(Z11PG-D24) Server System (1.90 GHz, Intel Xeon Bronze 3206R)",Yes,16,16,2,1,60.8 ,61.6 
ASUSTeK Computer Inc.,"ASUS ESC8000 G4(Z11PG-D24) Server System (2.40 GHz, Intel Xeon Silver 4210R)",Yes,20,20,2,1,90.0 ,90.9 
ASUSTeK Computer Inc.,"ASUS ESC8000 G4(Z11PG-D24) Server System (2.40 GHz, Intel Xeon Silver 4214R)",Yes,24,24,2,1,105   ,106   
ASUSTeK Computer Inc.,"ASUS ESC8000 G4(Z11PG-D24) Server System (2.20 GHz, Intel Xeon Gold 6238R)",Yes,56,56,2,1,158   ,159   
ASUSTeK Computer Inc.,"ASUS ESC8000 G4(Z11PG-D24) Server System (2.20 GHz, Intel Xeon Gold 5220R)",Yes,48,48,2,1,150   ,151   
ASUSTeK Computer Inc.,"ASUS ESC8000 G4(Z11PG-D24) Server System (2.10 GHz, Intel Xeon Gold 6230R)",Yes,52,52,2,1,156   ,156   
ASUSTeK Computer Inc.,"ASUS ESC4000A-E10(KRPG-U8) Server System 2.60 GHz, AMD EPYC 7H12",Yes,64,64,1,2,139   ,144   
ASUSTeK Computer Inc.,"ASUS ESC8000 G4(Z11PG-D24) Server System (3.20 GHz, Intel Xeon Silver 4215R)",Yes,32,16,2,2,84.0 ,84.5 
ASUSTeK Computer Inc.,"ASUS ESC8000 G4(Z11PG-D24) Server System (3.00 GHz, Intel Xeon Gold 6248R)",Yes,48,48,2,1,162   ,162   
ASUSTeK Computer Inc.,"ASUS ESC8000 G4(Z11PG-D24) Server System (2.10 GHz, Intel Xeon Gold 5218R)",Yes,40,40,2,1,137   ,138   
ASUSTeK Computer Inc.,"ASUS ESC8000 G4(Z11PG-D24) Server System (2.90 GHz, Intel Xeon Gold 6226R)",Yes,32,32,2,1,139   ,140   
ASUSTeK Computer Inc.,"ASUS ESC8000 G4(Z11PG-D24) Server System (3.10 GHz, Intel Xeon Gold 6242R)",Yes,40,40,2,1,156   ,157   
ASUSTeK Computer Inc.,"ASUS RS500A-E10(KRPA-U16) Server System 2.30 GHz, AMD EPYC 7642",Yes,48,48,1,2,124   ,126   
ASUSTeK Computer Inc.,"ASUS RS500A-E10(KRPA-U16) Server System 2.35 GHz, AMD EPYC 7452",Yes,32,32,1,2,108   ,110   
ASUSTeK Computer Inc.,"ASUS RS500A-E10(KRPA-U16) Server System 2.40 GHz, AMD EPYC 7532",Yes,32,32,1,2,116   ,118   
ASUSTeK Computer Inc.,"ASUS RS720-E9(Z11PP-D24) Server System (3.90 GHz, Intel Xeon Gold 6250)",Yes,32,16,2,2,114   ,114   
ASUSTeK Computer Inc.,"ASUS RS720-E9(Z11PP-D24) Server System (2.70 GHz, Intel Xeon Gold 6258R)",Yes,56,56,2,1,161   ,161   
ASUSTeK Computer Inc.,"ASUS RS720-E9(Z11PP-D24) Server System (3.00 GHz, Intel Xeon Gold 6248R)",Yes,48,48,2,1,161   ,162   
ASUSTeK Computer Inc.,"ASUS RS720-E9(Z11PP-D24) Server System (1.90 GHz, Intel Xeon Bronze 3206R)",Yes,16,16,2,1,59.5 ,60.2 
ASUSTeK Computer Inc.,"ASUS RS720-E9(Z11PP-D24) Server System (2.40 GHz, Intel Xeon Silver 4210R)",Yes,20,20,2,1,88.2 ,88.9 
ASUSTeK Computer Inc.,"ASUS RS720-E9(Z11PP-D24) Server System (2.40 GHz, Intel Xeon Gold 6240R)",Yes,48,48,2,1,158   ,158   
ASUSTeK Computer Inc.,"ASUS RS720-E9(Z11PP-D24) Server System (3.40 GHz, Intel Xeon Gold 6246R)",Yes,32,32,2,1,151   ,152   
ASUSTeK Computer Inc.,"ASUS RS720-E9(Z11PP-D24) Server System (3.60 GHz, Intel Xeon Gold 6256)",Yes,24,24,2,1,133   ,134   
ASUSTeK Computer Inc.,"ASUS RS720-E9(Z11PP-D24) Server System (2.20 GHz, Intel Xeon Gold 6238R)",Yes,56,56,2,1,154   ,155   
ASUSTeK Computer Inc.,"ASUS RS700A-E11(KMPP-D32) Server System 2.45 GHz, AMD EPYC 7763",Yes,64,64,1,2,174   ,179   
ASUSTeK Computer Inc.,"ASUS RS720A-E11(KMPP-D32) Server System 2.45 GHz, AMD EPYC 7763",Yes,128,128,2,2,248   ,264   
ASUSTeK Computer Inc.,"ASUS RS720A-E11(KMPP-D32) Server System 2.00 GHz, AMD EPYC 7713",Yes,128,128,2,2,247   ,253   
ASUSTeK Computer Inc.,"ASUS RS700A-E11(KMPP-D32) Server System 2.45 GHz, AMD EPYC 7763",Yes,128,128,2,2,262   ,269   
ASUSTeK Computer Inc.,"ASUS RS720A-E11(KMPP-D32) Server System 2.95 GHz, AMD EPYC 75F3",Yes,64,64,2,2,238   ,248   
ASUSTeK Computer Inc.,"ASUS RS720A-E11(KMPP-D32) Server System 2.80 GHz, AMD EPYC 7543",Yes,64,64,2,2,232   ,242   
ASUSTeK Computer Inc.,"ASUS RS720A-E11(KMPP-D32) Server System 2.30 GHz, AMD EPYC 7643",Yes,96,96,2,2,239   ,247   
ASUSTeK Computer Inc.,"ASUS RS720A-E11(KMPP-D32) Server System 3.20 GHz, AMD EPYC 74F3",Yes,48,48,2,2,211   ,221   
ASUSTeK Computer Inc.,"ASUS RS700-E10(Z12PP-D32) Server System (2.30 GHz, Intel Xeon Platinum 8380)",Yes,80,80,2,1,241   ,244   
ASUSTeK Computer Inc.,"ASUS RS700-E10(Z12PP-D32) Server System (2.60 GHz, Intel Xeon Platinum 8368Q)",Yes,76,76,2,1,243   ,247   
ASUSTeK Computer Inc.,"ASUS RS520A-E11(KMPA-U16) Server System 2.45 GHz, AMD EPYC 7763",Yes,64,64,1,2,174   ,179   
ASUSTeK Computer Inc.,"ASUS RS720A-E11(KMPP-D32) Server System 2.00 GHz, AMD EPYC 7663",Yes,112,112,2,2,240   ,247   
ASUSTeK Computer Inc.,"ASUS RS720A-E11(KMPP-D32) Server System 3.70 GHz, AMD EPYC 72F3",Yes,32,16,2,2,146   ,156   
ASUSTeK Computer Inc.,"ASUS RS720A-E11(KMPP-D32) Server System 2.60 GHz, AMD EPYC 7513",Yes,64,64,2,2,226   ,235   
ASUSTeK Computer Inc.,"ASUS RS520A-E11(KMPA-U16) Server System 2.00 GHz, AMD EPYC 7713",Yes,64,64,1,2,167   ,171   
ASUSTeK Computer Inc.,"ASUS RS520A-E11(KMPA-U16) Server System 2.95 GHz, AMD EPYC 75F3",Yes,32,32,1,2,160   ,165   
ASUSTeK Computer Inc.,"ASUS RS520A-E11(KMPA-U16) Server System 2.00 GHz, AMD EPYC 7663",Yes,56,56,1,2,161   ,164   
ASUSTeK Computer Inc.,"ASUS RS520A-E11(KMPA-U16) Server System 3.70 GHz, AMD EPYC 72F3",Yes,16,8,1,2,89.8 ,94.0 
ASUSTeK Computer Inc.,"ASUS RS520A-E11(KMPA-U16) Server System 2.30 GHz, AMD EPYC 7643",Yes,48,48,1,2,158   ,162   
ASUSTeK Computer Inc.,"ASUS RS700-E10(Z12PP-D32) Server System (2.10 GHz, Intel Xeon Platinum 8352V)",Yes,72,72,2,1,207   ,209   
ASUSTeK Computer Inc.,"ASUS RS700-E10(Z12PP-D32) Server System (2.20 GHz, Intel Xeon Platinum 8352Y)",Yes,64,64,2,1,218   ,221   
ASUSTeK Computer Inc.,"ASUS RS700-E10(Z12PP-D32) Server System (2.80 GHz, Intel Xeon Platinum 8362)",Yes,64,64,2,1,239   ,240   
ASUSTeK Computer Inc.,"ASUS RS700-E10(Z12PP-D32) Server System (3.10 GHz, Intel Xeon Gold 6346)",Yes,32,32,2,1,184   ,187   
ASUSTeK Computer Inc.,"ASUS RS520A-E11(KMPA-U16) Server System 3.50 GHz, AMD EPYC 73F3",Yes,32,16,1,2,128   ,132   
ASUSTeK Computer Inc.,"ASUS RS520A-E11(KMPA-U16) Server System 3.20 GHz, AMD EPYC 74F3",Yes,24,24,1,2,142   ,147   
ASUSTeK Computer Inc.,"ASUS RS520A-E11(KMPA-U16) Server System 2.65 GHz, AMD EPYC 7413",Yes,24,24,1,2,132   ,136   
ASUSTeK Computer Inc.,"ASUS RS520A-E11(KMPA-U16) Server System 2.60 GHz, AMD EPYC 7513",Yes,32,32,1,2,147   ,151   
ASUSTeK Computer Inc.,"ASUS RS720A-E11(KMPP-D32) Server System 3.50 GHz, AMD EPYC 73F3",Yes,64,32,2,2,192   ,204   
ASUSTeK Computer Inc.,"ASUS RS720A-E11(KMPP-D32) Server System 2.65 GHz, AMD EPYC 7413",Yes,48,48,2,2,202   ,211   
ASUSTeK Computer Inc.,"ASUS RS720A-E11(KMPP-D32) Server System 2.75 GHz, AMD EPYC 7453",Yes,56,56,2,2,198   ,204   
ASUSTeK Computer Inc.,"ASUS RS700-E10(Z12PP-D32) Server System (2.40 GHz, Intel Xeon Platinum 8351N)",Yes,36,36,1,1,143   ,145   
ASUSTeK Computer Inc.,"ASUS RS700-E10(Z12PP-D32) Server System (2.40 GHz, Intel Xeon Platinum 8360Y)",Yes,72,72,2,1,235   ,235   
ASUSTeK Computer Inc.,"ASUS RS700-E10(Z12PP-D32) Server System (2.40 GHz, Intel Xeon Platinum 8368)",Yes,76,76,2,1,238   ,241   
ASUSTeK Computer Inc.,"ASUS RS700-E10(Z12PP-D32) Server System (2.40 GHz, Intel Xeon Gold 6336Y)",Yes,48,48,2,1,195   ,196   
ASUSTeK Computer Inc.,"ASUS RS720A-E11(KMPP-D32) Server System 2.85 GHz, AMD EPYC 7443",Yes,48,48,2,2,208   ,217   
ASUSTeK Computer Inc.,"ASUS RS520A-E11(KMPA-U16) Server System 2.85 GHz, AMD EPYC 7443",Yes,24,24,1,2,136   ,141   
ASUSTeK Computer Inc.,"ASUS RS520A-E11(KMPA-U16) Server System 2.75 GHz, AMD EPYC 7453",Yes,28,28,1,2,131   ,135   
ASUSTeK Computer Inc.,"ASUS RS520A-E11(KMPA-U16) Server System 2.80 GHz, AMD EPYC 7543P",Yes,32,32,1,2,157   ,162   
ASUSTeK Computer Inc.,"ASUS RS720A-E11(KMPP-D32) Server System 3.00 GHz, AMD EPYC 7313",Yes,32,32,2,2,181   ,192   
ASUSTeK Computer Inc.,"ASUS RS720A-E11(KMPP-D32) Server System 3.20 GHz, AMD EPYC 7343",Yes,64,32,2,2,187   ,196   
ASUSTeK Computer Inc.,"ASUS RS520A-E11(KMPA-U16) Server System 3.00 GHz, AMD EPYC 7313",Yes,32,16,1,2,121   ,124   
ASUSTeK Computer Inc.,"ASUS RS520A-E11(KMPA-U16) Server System 3.20 GHz, AMD EPYC 7343",Yes,32,16,1,2,123   ,127   
ASUSTeK Computer Inc.,"ASUS RS700-E10(Z12PP-D32) Server System (2.10 GHz, Intel Xeon Gold 5318S)",Yes,48,48,2,1,179   ,180   
ASUSTeK Computer Inc.,"ASUS RS700-E10(Z12PP-D32) Server System (2.10 GHz, Intel Xeon Gold 6338T)",Yes,48,48,2,1,188   ,190   
ASUSTeK Computer Inc.,"ASUS RS700-E10(Z12PP-D32) Server System (2.80 GHz, Intel Xeon Gold 6342)",Yes,48,48,2,1,206   ,207   
ASUSTeK Computer Inc.,"ASUS RS700-E10(Z12PP-D32) Server System (3.60 GHz, Intel Xeon Gold 6334)",Yes,32,16,2,2,128   ,129   
ASUSTeK Computer Inc.,"ASUS RS700-E10(Z12PP-D32) Server System (2.60 GHz, Intel Xeon Platinum 8358)",Yes,64,64,2,1,236   ,236   
ASUSTeK Computer Inc.,"ASUS RS700-E10(Z12PP-D32) Server System (3.00 GHz, Intel Xeon Gold 5317)",Yes,24,24,2,1,144   ,145   
ASUSTeK Computer Inc.,"ASUS RS700-E10(Z12PP-D32) Server System (2.00 GHz, Intel Xeon Gold 6330)",Yes,56,56,2,1,186   ,187   
ASUSTeK Computer Inc.,"ASUS RS700-E10(Z12PP-D32) Server System (2.20 GHz, Intel Xeon Platinum 8352S)",Yes,64,64,2,1,221   ,222   
ASUSTeK Computer Inc.,"ASUS RS700-E10(Z12PP-D32) Server System (2.60 GHz, Intel Xeon Platinum 8358P)",Yes,64,64,2,1,233   ,233   
ASUSTeK Computer Inc.,"ASUS RS300-E11(P12R-M) Server System (3.20 GHz, Intel Xeon E-2388G)",Yes,8,8,1,2,47.2 ,48.0 
ASUSTeK Computer Inc.,"ASUS RS700-E10(Z12PP-D32) Server System (2.30 GHz, Intel Xeon Platinum 8352M)",Yes,64,64,2,1,218   ,218   
ASUSTeK Computer Inc.,"ASUS RS720A-E11(KMPP-D32) Server System 2.45 GHz, AMD EPYC 7763",Yes,128,128,2,2,263   ,270   
ASUSTeK Computer Inc.,"ASUS RS520A-E11(KMPA-U16) Server System 2.45 GHz, AMD EPYC 7763",Yes,64,64,1,2,177   ,181   
ASUSTeK Computer Inc.,"ASUS RS700-E10(Z12PP-D32) Server System (2.00 GHz, Intel Xeon Gold 6338)",Yes,64,64,2,1,214   ,214   
ASUSTeK Computer Inc.,"ASUS RS700-E10(Z12PP-D32) Server System (2.20 GHz, Intel Xeon Gold 6338N)",Yes,64,64,2,1,209   ,210   
ASUSTeK Computer Inc.,"ASUS RS700-E10(Z12PP-D32) Server System (2.20 GHz, Intel Xeon Gold 6330N)",Yes,56,56,2,1,183   ,184   
ASUSTeK Computer Inc.,"ASUS RS700-E10(Z12PP-D32) Server System (2.40 GHz, Intel Xeon Gold 6312U)",Yes,24,24,1,1,127   ,128   
ASUSTeK Computer Inc.,"ASUS RS700-E10(Z12PP-D32) Server System (2.30 GHz, Intel Xeon Gold 6314U)",Yes,32,32,1,1,144   ,145   
ASUSTeK Computer Inc.,"ASUS RS700-E10(Z12PP-D32) Server System (2.90 GHz, Intel Xeon Gold 6326)",Yes,32,32,2,1,176   ,177   
ASUSTeK Computer Inc.,"ASUS RS700-E10(Z12PP-D32) Server System (2.10 GHz, Intel Xeon Gold 5318Y)",Yes,48,48,2,1,181   ,183   
ASUSTeK Computer Inc.,"ASUS RS700-E10(Z12PP-D32) Server System (3.20 GHz, Intel Xeon Gold 5315Y)",Yes,32,16,2,2,117   ,118   
ASUSTeK Computer Inc.,"ASUS RS700-E10(Z12PP-D32) Server System (2.10 GHz, Intel Xeon Gold 5318N)",Yes,48,48,2,1,179   ,181   
ASUSTeK Computer Inc.,"ASUS RS300-E11(P12R-M) Server System (3.50 GHz, Intel Xeon E-2386G)",Yes,6,6,1,2,42.9 ,43.7 
ASUSTeK Computer Inc.,"ASUS RS300-E11(P12R-M) Server System (3.10 GHz, Intel Xeon E-2324G)",Yes,4,4,1,1,34.9 ,35.1 
ASUSTeK Computer Inc.,"ASUS RS300-E11(P12R-M) Server System (2.80 GHz, Intel Xeon E-2378G)",Yes,8,8,1,2,46.4 ,47.1 
ASUSTeK Computer Inc.,"ASUS RS700-E10(Z12PP-D32) Server System (2.20 GHz, Intel Xeon Gold 5320)",Yes,52,52,2,1,189   ,190   
ASUSTeK Computer Inc.,"ASUS RS700-E10(Z12PP-D32) Server System (2.30 GHz, Intel Xeon Gold 5320T)",Yes,40,40,2,1,174   ,175   
ASUSTeK Computer Inc.,"ASUS RS700-E10(Z12PP-D32) Server System (2.40 GHz, Intel Xeon Silver 4314)",Yes,32,32,2,1,159   ,160   
ASUSTeK Computer Inc.,"ASUS RS300-E11(P12R-M) Server System (3.70 GHz, Intel Xeon E-2374G)",Yes,4,4,1,2,36.2 ,36.8 
ASUSTeK Computer Inc.,"ASUS RS300-E11(P12R-M) Server System (2.60 GHz, Intel Xeon E-2378)",Yes,8,8,1,2,44.6 ,45.3 
ASUSTeK Computer Inc.,"ASUS RS300-E11(P12R-M) Server System (3.20 GHz, Intel Xeon E-2356G)",Yes,6,6,1,2,42.0 ,42.7 
ASUSTeK Computer Inc.,"ASUS RS700-E10(Z12PP-D32) Server System (2.10 GHz, Intel Xeon Silver 4310)",Yes,24,24,2,1,126   ,127   
ASUSTeK Computer Inc.,"ASUS RS700-E10(Z12PP-D32) Server System (2.30 GHz, Intel Xeon Silver 4310T)",Yes,20,20,2,1,117   ,118   
ASUSTeK Computer Inc.,"ASUS RS700-E10(Z12PP-D32) Server System (2.30 GHz, Intel Xeon Silver 4316)",Yes,40,40,2,1,167   ,169   
ASUSTeK Computer Inc.,"ASUS RS300-E11(P12R-M) Server System (2.90 GHz, Intel Xeon E-2336)",Yes,6,6,1,2,41.6 ,42.2 
ASUSTeK Computer Inc.,"ASUS RS700-E10(Z12PP-D32) Server System (2.80 GHz, Intel Xeon Silver 4309Y)",Yes,32,16,2,2,116   ,117   
ASUSTeK Computer Inc.,"ASUS RS300-E11(P12R-M) Server System (2.80 GHz, Intel Xeon E-2314)",Yes,4,4,1,1,31.3 ,31.5 
ASUSTeK Computer Inc.,"ASUS RS300-E11(P12R-M) Server System (3.40 GHz, Intel Xeon E-2334)",Yes,4,4,1,2,35.3 ,35.9 
ASUSTeK Computer Inc.,"ASUS RS720A-E11(KMPP-D32) Server System 2.20 GHz, AMD EPYC 7773X",Yes,128,128,2,2,295   ,298   
ASUSTeK Computer Inc.,"ASUS RS520A-E11(KMPA-U16) Server System 2.20 GHz, AMD EPYC 7773X",Yes,64,64,1,2,193   ,197   
ASUSTeK Computer Inc.,"ASUS RS720A-E11(KMPP-D32) Server System 3.05 GHz, AMD EPYC 7373X",Yes,32,32,2,2,195   ,209   
ASUSTeK Computer Inc.,"ASUS RS720A-E11(KMPP-D32) Server System 2.80 GHz, AMD EPYC 7473X",Yes,48,48,2,2,224   ,235   
ASUSTeK Computer Inc.,"ASUS RS720A-E11(KMPP-D32) Server System 2.80 GHz, AMD EPYC 7573X",Yes,64,64,2,2,247   ,257   
ASUSTeK Computer Inc.,"ASUS RS520A-E11(KMPA-U16) Server System 2.80 GHz, AMD EPYC 7473X",Yes,24,24,1,2,147   ,152   
ASUSTeK Computer Inc.,"ASUS RS520A-E11(KMPA-U16) Server System 2.80 GHz, AMD EPYC 7573X",Yes,32,32,1,2,167   ,173   
ASUSTeK Computer Inc.,"ASUS RS520A-E11(KMPA-U16) Server System 3.05 GHz, AMD EPYC 7373X",Yes,32,16,1,2,132   ,136   
ASUSTeK Computer Inc.,"ASUS RS720-E10(Z12PP-D32) Server System (2.20 GHz, Intel Xeon Gold 6330N)",Yes,56,56,2,1,183   ,184   
ASUSTeK Computer Inc.,"ASUS RS720-E10(Z12PP-D32) Server System (2.10 GHz, Intel Xeon Silver 4310)",Yes,24,24,2,1,125   ,126   
ASUSTeK Computer Inc.,"ASUS RS720-E10(Z12PP-D32) Server System (2.10 GHz, Intel Xeon Gold 5318S)",Yes,48,48,2,1,179   ,181   
ASUSTeK Computer Inc.,"ASUS RS720-E10(Z12PP-D32) Server System (2.20 GHz, Intel Xeon Gold 5320)",Yes,52,52,2,1,189   ,190   
ASUSTeK Computer Inc.,"ASUS RS720-E10(Z12PP-D32) Server System (2.80 GHz, Intel Xeon Gold 6342)",Yes,48,48,2,1,206   ,207   
ASUSTeK Computer Inc.,"ASUS RS720-E10(Z12PP-D32) Server System (2.30 GHz, Intel Xeon Gold 6314U)",Yes,32,32,1,1,172   ,172   
ASUSTeK Computer Inc.,"ASUS RS720-E10(Z12PP-D32) Server System (2.80 GHz, Intel Xeon Silver 4309Y)",Yes,32,16,2,2,134   ,134   
ASUSTeK Computer Inc.,"ASUS RS720-E10(Z12PP-D32) Server System (2.40 GHz, Intel Xeon Gold 6312U)",Yes,24,24,1,1,153   ,153   
ASUSTeK Computer Inc.,"ASUS RS720-E10(Z12PP-D32) Server System (3.60 GHz, Intel Xeon Gold 6334)",Yes,16,16,2,1,142   ,142   
ASUSTeK Computer Inc.,"ASUS RS720-E10(Z12PP-D32) Server System (2.10 GHz, Intel Xeon Gold 6338T)",Yes,48,48,2,1,220   ,220   
ASUSTeK Computer Inc.,"ASUS RS720-E10(Z12PP-D32) Server System (2.60 GHz, Intel Xeon Gold 6348)",Yes,56,56,2,1,246   ,246   
ASUSTeK Computer Inc.,"ASUS RS720-E10(Z12PP-D32) Server System (2.20 GHz, Intel Xeon Platinum 8352S)",Yes,64,64,2,1,251   ,252   
ASUSTeK Computer Inc.,"ASUS RS720-E10(Z12PP-D32) Server System (2.40 GHz, Intel Xeon Silver 4314)",Yes,32,32,2,1,185   ,185   
ASUSTeK Computer Inc.,"ASUS RS720-E10(Z12PP-D32) Server System (3.10 GHz, Intel Xeon Gold 6346)",Yes,32,32,2,1,215   ,215   
ASUSTeK Computer Inc.,"ASUS RS520A-E12(K14PA-U24) Server System 2.40 GHz, AMD EPYC 9654",Yes,96,96,1,2,324   ,327   
ASUSTeK Computer Inc.,"ASUS RS700A-E12(K14PP-D24) Server System 2.40 GHz, AMD EPYC 9654",Yes,192,192,2,2,437   ,460   
ASUSTeK Computer Inc.,"ASUS RS720-E10(Z12PP-D32) Server System (3.00 GHz, Intel Xeon Gold 5317)",Yes,24,24,2,1,167   ,167   
ASUSTeK Computer Inc.,"ASUS RS720-E10(Z12PP-D32) Server System (2.90 GHz, Intel Xeon Gold 6326)",Yes,32,32,2,1,204   ,204   
ASUSTeK Computer Inc.,"ASUS RS720-E10(Z12PP-D32) Server System (2.10 GHz, Intel Xeon Platinum 8352V)",Yes,72,72,2,1,239   ,239   
ASUSTeK Computer Inc.,"ASUS RS720-E10(Z12PP-D32) Server System (2.60 GHz, Intel Xeon Platinum 8368Q)",Yes,76,76,2,1,272   ,272   
ASUSTeK Computer Inc.,"ASUS RS720-E11(Z13PP-D32) Server System (2.00 GHz, Intel Xeon Platinum 8480+)",Yes,112,112,2,1,355   ,355   
ASUSTeK Computer Inc.,"ASUS RS720-E10(Z12PP-D32) Server System (2.40 GHz, Intel Xeon Platinum 8360Y)",Yes,72,72,2,1,266   ,266   
ASUSTeK Computer Inc.,"ASUS RS720-E10(Z12PP-D32) Server System (2.80 GHz, Intel Xeon Platinum 8362)",Yes,64,64,2,1,270   ,270   
ASUSTeK Computer Inc.,"ASUS RS720-E10(Z12PP-D32) Server System (2.10 GHz, Intel Xeon Gold 5318N)",Yes,48,48,2,1,209   ,209   
ASUSTeK Computer Inc.,"ASUS RS720-E10(Z12PP-D32) Server System (2.20 GHz, Intel Xeon Gold 6338N)",Yes,64,64,2,1,235   ,235   
ASUSTeK Computer Inc.,"ASUS RS720-E11-RS12U(Z13PP-D32) Server System (2.00 GHz, Intel Xeon Platinum 8480+)",Yes,112,112,2,1,371   ,371   
ASUSTeK Computer Inc.,"ASUS RS720-E11-RS12U(Z13PP-D32) Server System (1.90 GHz, Intel Xeon Platinum 8490H)",Yes,120,120,2,1,370   ,370   
ASUSTeK Computer Inc.,"ASUS RS720-E10-RS12(Z12PP-D32) Server System (2.10 GHz, Intel Xeon Gold 5318Y)",Yes,48,48,2,1,210   ,210   
ASUSTeK Computer Inc.,"ASUS RS720-E10-RS12(Z12PP-D32) Server System (2.40 GHz, Intel Xeon Gold 6336Y)",Yes,48,48,2,1,229   ,229   
ASUSTeK Computer Inc.,"ASUS RS720-E10-RS12(Z12PP-D32) Server System (2.20 GHz, Intel Xeon Platinum 8352Y)",Yes,64,64,2,1,251   ,251   
ASUSTeK Computer Inc.,"ASUS RS720-E10-RS12(Z12PP-D32) Server System (3.20 GHz, Intel Xeon Gold 5315Y)",Yes,32,16,2,2,138   ,138   
ASUSTeK Computer Inc.,"ASUS RS720-E10-RS12(Z12PP-D32) Server System (2.30 GHz, Intel Xeon Silver 4310T)",Yes,40,20,2,2,140   ,140   
ASUSTeK Computer Inc.,"ASUS RS720-E10-RS12(Z12PP-D32) Server System (2.30 GHz, Intel Xeon Silver 4316)",Yes,40,40,2,1,189   ,189   
ASUSTeK Computer Inc.,"ASUS RS720-E10-RS12(Z12PP-D32) Server System (2.30 GHz, Intel Xeon Gold 5320T)",Yes,40,40,2,1,204   ,204   
ASUSTeK Computer Inc.,"ASUS RS720-E11-RS12U (2.00 GHz, Intel Xeon Platinum 8460Y+)",Yes,80,80,2,1,328   ,328   
ASUSTeK Computer Inc.,"ASUS RS720-E11-RS12U (2.10 GHz, Intel Xeon Platinum 8468H)",Yes,96,96,2,1,354   ,354   
ASUSTeK Computer Inc.,"ASUS RS720-E11-RS12U (1.90 GHz, Intel Xeon Platinum 8490H)",Yes,120,120,2,1,372   ,372   
ASUSTeK Computer Inc.,"ASUS RS720A-E12-RS12 (4.10 GHz, AMD EPYC 9174F)",Yes,64,32,2,2,279   ,289   
ASUSTeK Computer Inc.,"ASUS RS720A-E12-RS12 (3.85 GHz, AMD EPYC 9374F)",Yes,64,64,2,2,361   ,385   
ASUSTeK Computer Inc.,"ASUS RS720A-E12-RS12 (2.40 GHz, AMD EPYC 9654)",Yes,192,192,2,2,449   ,468   
ASUSTeK Computer Inc.,"ASUS RS520A-E12-RS12U (2.75 GHz, AMD EPYC 9454P)",Yes,48,48,1,2,264   ,278   
ASUSTeK Computer Inc.,"ASUS RS520A-E12-RS12U (3.10 GHz, AMD EPYC 9554)",Yes,64,64,1,2,300   ,307   
ASUSTeK Computer Inc.,"ASUS RS520A-E12-RS12U (2.40 GHz, AMD EPYC 9654)",Yes,96,96,1,2,329   ,331   
ASUSTeK Computer Inc.,"ASUS RS720-E11-RS12U (2.70 GHz, Intel Xeon Platinum 8458P)",Yes,88,88,2,1,351   ,352   
ASUSTeK Computer Inc.,"ASUS RS720-E11-RS12U (2.40 GHz, Intel Xeon Platinum 8468V)",Yes,96,96,2,1,352   ,352   
ASUSTeK Computer Inc.,"ASUS RS720-E10-RS12(Z12PP-D32) Server System (2.40 GHz, Intel Xeon Platinum 8351N)",Yes,36,36,1,1,172   ,172   
ASUSTeK Computer Inc.,"ASUS RS720-E10-RS12(Z12PP-D32) Server System (2.40 GHz, Intel Xeon Platinum 8368)",Yes,76,76,2,1,269   ,269   
ASUSTeK Computer Inc.,"ASUS RS720A-E12-RS12 (4.05 GHz, AMD EPYC 9274F)",Yes,48,48,2,2,309   ,336   
ASUSTeK Computer Inc.,"ASUS RS720A-E12-RS12 (3.10 GHz, AMD EPYC 9554)",Yes,128,128,2,2,430   ,445   
ASUSTeK Computer Inc.,"ASUS RS520A-E12-RS12U (4.10 GHz, AMD EPYC 9174F)",Yes,32,16,1,2,195   ,198   
ASUSTeK Computer Inc.,"ASUS RS520A-E12-RS12U (3.25 GHz, AMD EPYC 9354P)",Yes,32,32,1,2,239   ,255   
ASUSTeK Computer Inc.,"ASUS RS520A-E12-RS12U (4.05 GHz, AMD EPYC 9274F)",Yes,24,24,1,2,214   ,230   
ASUSTeK Computer Inc.,"ASUS RS520A-E12-RS12U (3.60 GHz, AMD EPYC 9474F)",Yes,48,48,1,2,277   ,290   
ASUSTeK Computer Inc.,"ASUS RS720A-E12-RS12 (3.25 GHz, AMD EPYC 9354)",Yes,64,64,2,2,338   ,360   
ASUSTeK Computer Inc.,"ASUS RS720A-E12-RS12 (3.60 GHz, AMD EPYC 9474F)",Yes,96,96,2,2,405   ,430   
ASUSTeK Computer Inc.,"ASUS RS720-E11-RS12U (2.20 GHz, Intel Xeon Platinum 8460H)",Yes,80,80,2,1,342   ,342   
ASUSTeK Computer Inc.,"ASUS RS720-E11-RS12U (1.70 GHz, Intel Xeon Platinum 8470N)",Yes,104,104,2,1,342   ,342   
ASUSTeK Computer Inc.,"ASUS RS720-E11-RS12U (2.10 GHz, Intel Xeon Gold 6430)",Yes,64,64,2,1,282   ,282   
ASUSTeK Computer Inc.,"ASUS RS720-E11-RS12U (2.00 GHz, Intel Xeon Platinum 8452Y)",Yes,72,72,2,1,298   ,298   
ASUSTeK Computer Inc.,"ASUS RS720-E10-RS12(Z12PP-D32) Server System (2.00 GHz, Intel Xeon Gold 6338)",Yes,64,64,2,1,244   ,244   
ASUSTeK Computer Inc.,"ASUS RS720-E10-RS12(Z12PP-D32) Server System (3.00 GHz, Intel Xeon Gold 6354)",Yes,36,36,2,1,213   ,213   
ASUSTeK Computer Inc.,"ASUS RS720-E10-RS12(Z12PP-D32) Server System (2.30 GHz, Intel Xeon Platinum 8352M)",Yes,64,64,2,1,252   ,252   
ASUSTeK Computer Inc.,"ASUS RS720-E10-RS12(Z12PP-D32) Server System (2.30 GHz, Intel Xeon Platinum 8380)",Yes,80,80,2,1,277   ,277   
ASUSTeK Computer Inc.,"ASUS RS720-E11-RS12U (2.00 GHz, Intel Xeon Gold 6414U)",Yes,32,32,1,1,202   ,202   
ASUSTeK Computer Inc.,"ASUS RS720-E11-RS12U (2.90 GHz, Intel Xeon Platinum 8444H)",Yes,64,32,2,2,251   ,251   
ASUSTeK Computer Inc.,"ASUS RS720-E11-RS12U (2.00 GHz, Intel Xeon Platinum 8450H)",Yes,56,56,2,1,271   ,271   
ASUSTeK Computer Inc.,"ASUS RS720-E11-RS12U (2.10 GHz, Intel Xeon Platinum 8454H)",Yes,64,64,2,1,300   ,300   
ASUSTeK Computer Inc.,"ASUS RS520A-E12-RS12U (2.25 GHz, AMD EPYC 9754)",Yes,128,128,1,2,316   ,318   
ASUSTeK Computer Inc.,"ASUS RS720A-E12-RS12 (2.25 GHz, AMD EPYC 9754)",Yes,256,256,2,2,430   ,448   
ASUSTeK Computer Inc.,"ASUS RS720-E11-RS12U (2.10 GHz, Intel Xeon Platinum 8468)",Yes,96,96,2,1,360   ,361   
ASUSTeK Computer Inc.,"ASUS RS720-E11-RS12U (2.20 GHz, Intel Xeon Gold 6454S)",Yes,64,64,2,1,299   ,299   
ASUSTeK Computer Inc.,"ASUS RS720-E11-RS12U (2.20 GHz, Intel Xeon Platinum 8461V)",Yes,48,48,1,1,239   ,239   
ASUSTeK Computer Inc.,"ASUS RS720-E11-RS12U (1.80 GHz, Intel Xeon Platinum 8471N)",Yes,52,52,1,1,243   ,243   
ASUSTeK Computer Inc.,"ASUS RS720-E11-RS12U (2.90 GHz, Intel Xeon Gold 5415+)",Yes,32,16,2,2,180   ,180   
ASUSTeK Computer Inc.,"ASUS RS720-E11-RS12U (3.70 GHz, Intel Xeon Gold 6434H)",Yes,32,16,2,2,202   ,202   
ASUSTeK Computer Inc.,"ASUS RS720-E11-RS12U (2.60 GHz, Intel Xeon Gold 6442Y)",Yes,48,48,2,1,313   ,313   
ASUSTeK Computer Inc.,"ASUS RS720-E11-RS12U (2.70 GHz, Intel Xeon Silver 4410T)",Yes,40,20,2,2,190   ,190   
ASUSTeK Computer Inc.,"ASUS RS720A-E12-RS12 (2.70 GHz, AMD EPYC 9334)",Yes,64,64,2,2,339   ,358   
ASUSTeK Computer Inc.,"ASUS RS720-E11-RS12U (2.00 GHz, Intel Xeon Gold 5420+)",Yes,56,56,2,1,286   ,286   
ASUSTeK Computer Inc.,"ASUS RS520A-E12-RS12U (3.85 GHz, AMD EPYC 9374F)",Yes,32,32,1,2,256   ,272   
ASUSTeK Computer Inc.,"ASUS RS720-E11-RS12U (2.10 GHz, Intel Xeon Gold 6448Y)",Yes,64,64,2,1,339   ,339   
ASUSTeK Computer Inc.,"ASUS RS520A-E12-RS12U (2.25 GHz, AMD EPYC 9634)",Yes,84,84,1,2,322   ,328   
ASUSTeK Computer Inc.,"ASUS RS720-E11-RS12U (1.80 GHz, Intel Xeon Gold 5418N)",Yes,48,48,2,1,247   ,247   
ASUSTeK Computer Inc.,"ASUS RS520A-E12-RS12U (2.45 GHz, AMD EPYC 9534)",Yes,64,64,1,2,298   ,305   
ASUSTeK Computer Inc.,"ASUS RS720-E11-RS12U (1.80 GHz, Intel Xeon Gold 6428N)",Yes,64,64,2,1,285   ,285   
ASUSTeK Computer Inc.,"ASUS RS720A-E12-RS12 (2.75 GHz, AMD EPYC 9454)",Yes,96,96,2,2,388   ,413   
ASUSTeK Computer Inc.,"ASUS RS720-E11-RS12U (2.00 GHz, Intel Xeon Gold 5416S)",Yes,64,32,2,2,225   ,225   
ASUSTeK Computer Inc.,"ASUS RS720A-E12-RS12 (2.25 GHz, AMD EPYC 9634)",Yes,168,168,2,2,433   ,453   
ASUSTeK Computer Inc.,"ASUS RS520A-E12-RS12U (2.90 GHz, AMD EPYC 9254)",Yes,24,24,1,2,206   ,221   
ASUSTeK Computer Inc.,"ASUS RS520A-E12-RS12U (2.70 GHz, AMD EPYC 9334)",Yes,32,32,1,2,239   ,253   
ASUSTeK Computer Inc.,"ASUS RS720-E11-RS12U (2.00 GHz, Intel Xeon Gold 6438Y+)",Yes,64,64,2,1,321   ,321   
ASUSTeK Computer Inc.,"ASUS RS720-E11-RS12U (2.40 GHz, Intel Xeon Gold 6448H)",Yes,64,64,2,1,346   ,346   
ASUSTeK Computer Inc.,"ASUS RS720-E11-RS12U (2.20 GHz, Intel Xeon Gold 6438M)",Yes,64,64,2,1,318   ,318   
ASUSTeK Computer Inc.,"ASUS RS520A-E12-RS12U (2.50 GHz, AMD EPYC 9224)",Yes,24,24,1,2,172   ,183   
ASUSTeK Computer Inc.,"ASUS RS520A-E12-RS12U (3.00 GHz, AMD EPYC 9124)",Yes,32,16,1,2,158   ,160   
ASUSTeK Computer Inc.,"ASUS RS720A-E12-RS12 (2.45 GHz, AMD EPYC 9534)",Yes,128,128,2,2,427   ,442   
ASUSTeK Computer Inc.,"ASUS RS720A-E12-RS12 (3.00 GHz, AMD EPYC 9124)",Yes,64,32,2,2,234   ,240   
ASUSTeK Computer Inc.,"ASUS RS720A-E12-RS12 (2.50 GHz, AMD EPYC 9224)",Yes,48,48,2,2,259   ,276   
ASUSTeK Computer Inc.,"ASUS RS720A-E12-RS12 (2.90 GHz, AMD EPYC 9254)",Yes,48,48,2,2,302   ,328   
ASUSTeK Computer Inc.,"ASUS RS720-E11-RS12U (2.20 GHz, Intel Xeon Gold 6416H)",Yes,72,36,2,2,256   ,256   
ASUSTeK Computer Inc.,"ASUS RS720-E11-RS12U (2.00 GHz, Intel Xeon Silver 4416+)",Yes,80,40,2,2,246   ,246   
ASUSTeK Computer Inc.,"ASUS RS720-E11-RS12U (2.00 GHz, Intel Xeon Silver 4410Y)",Yes,48,24,2,2,192   ,192   
ASUSTeK Computer Inc.,"ASUS RS720-E11-RS12U (2.10 GHz, Intel Xeon Gold 6418H)",Yes,96,48,2,2,303   ,304   
ASUSTeK Computer Inc.,"ASUS RS720-E11-RS12U (2.10 GHz, Intel Xeon Gold 5412U)",Yes,48,24,1,2,186   ,186   
ASUSTeK Computer Inc.,"ASUS RS720-E11-RS12U (2.50 GHz, Intel Xeon Gold 6426Y)",Yes,64,32,2,2,267   ,267   
ASUSTeK Computer Inc.,"ASUS RS720A-E12-RS12 (2.55 GHz, AMD EPYC 9684X)",Yes,192,192,2,2,476   ,495   
ASUSTeK Computer Inc.,"ASUS RS520A-E12-RS12U (2.55 GHz, AMD EPYC 9684X)",Yes,96,96,1,2,357   ,358   
China Academy of Information and Communications Technology,"Huawei 1288H V5 (Intel Xeon Gold 5218R, 2.10 GHz)",Yes,40,40,2,1,126   ,127   
China Academy of Information and Communications Technology,"Huawei 1288H V5 (Intel Xeon Gold 5220R, 2.20 GHz)",Yes,48,48,2,1,138   ,140   
China Academy of Information and Communications Technology,"Huawei 2288H V5 (Intel Xeon Gold 5220R, 2.20 GHz)",Yes,48,48,2,1,137   ,Not Run
China Academy of Information and Communications Technology,Huawei CH121 V5 (Intel Xeon Gold 6258R),Yes,56,56,2,1,152   ,Not Run
China Academy of Information and Communications Technology,Huawei 5288 V5 (Intel Xeon Gold 6238R),Yes,56,56,2,1,149   ,Not Run
China Academy of Information and Communications Technology,Huawei 1288H V5 (Intel Xeon Gold 6238R),Yes,56,56,2,1,148   ,Not Run
China Academy of Information and Communications Technology,Huawei 2288H V5 (Intel Xeon Gold 6238R),Yes,56,56,2,1,148   ,Not Run
China Academy of Information and Communications Technology,Huawei 2488H V5 (Intel Xeon Platinum 8268),Yes,96,96,4,1,205   ,Not Run
China Academy of Information and Communications Technology,Huawei CH121 V5 (Intel Xeon Gold 6246R),Yes,32,32,2,1,147   ,Not Run
China Academy of Information and Communications Technology,Huawei 2288H V5 (Intel Xeon Gold 6246R),Yes,32,32,2,1,144   ,Not Run
China Academy of Information and Communications Technology,Huawei 5288 V5 (Intel Xeon Gold 6246R),Yes,32,32,2,1,144   ,Not Run
China Academy of Information and Communications Technology,Huawei 1288H V5 (Intel Xeon Gold 6246R),Yes,32,32,2,1,144   ,Not Run
China Academy of Information and Communications Technology,Huawei 2288H V6 (Intel Xeon Platinum 8380),Yes,80,80,2,1,236   ,Not Run
Cisco Systems,"Cisco UCS C480 M5 (Intel Xeon Platinum 8180, 2.50GHz)",Yes,112,112,4,1,188   ,190   
Cisco Systems,"Cisco UCS B200 M5 (Intel Xeon Gold 5120, 2.20GHz)",Yes,28,28,2,1,88.3 ,89.3 
Cisco Systems,"Cisco UCS B200 M5 (Intel Xeon Gold 5118, 2.30GHz)",Yes,24,24,2,1,82.7 ,83.8 
Cisco Systems,"Cisco UCS B200 M5 (Intel Xeon Gold 6150, 2.70GHz)",Yes,36,36,2,1,115   ,116   
Cisco Systems,"Cisco UCS B200 M5 (Intel Xeon Platinum 8156, 3.60GHz)",Yes,8,8,2,1,54.7 ,55.6 
Cisco Systems,"Cisco UCS B200 M5 (Intel Xeon Gold 6154, 3.00GHz)",Yes,36,36,2,1,121   ,122   
Cisco Systems,"Cisco UCS C480 M5 (Intel Xeon Gold 6140, 2.30GHz)",Yes,72,72,4,1,142   ,144   
Cisco Systems,"Cisco UCS C240 M5 (Intel Xeon Platinum 8180, 2.50GHz)",Yes,56,56,2,1,132   ,Not Run
Cisco Systems,"Cisco UCS C480 M5 (Intel Xeon Platinum 8180, 2.50GHz)",Yes,112,112,4,1,192   ,Not Run
Cisco Systems,"Cisco UCS B200 M5 (Intel Xeon Platinum 8158, 3.00GHz)",Yes,24,24,2,1,104   ,105   
Cisco Systems,"Cisco UCS B200 M5 (Intel Xeon Gold 6132, 2.60GHz)",Yes,28,28,2,1,103   ,104   
Cisco Systems,"Cisco UCS B200 M5 (Intel Xeon Platinum 8176, 2.10GHz)",Yes,56,56,2,1,125   ,126   
Cisco Systems,"Cisco UCS B200 M5 (Intel Xeon Gold 6150, 2.70GHz)",Yes,36,36,2,1,117   ,118   
Cisco Systems,"Cisco UCS B200 M5 (Intel Xeon Gold 6146, 3.20GHz)",Yes,24,24,2,1,106   ,108   
Cisco Systems,"Cisco UCS C480 M5 (Intel Xeon Platinum 8170, 2.10GHz)",Yes,104,104,4,1,176   ,176   
Cisco Systems,"Cisco UCS C480 M5 (Intel Xeon Platinum 8158, 3.00GHz)",Yes,48,48,4,1,138   ,139   
Cisco Systems,"Cisco UCS B200 M5 (Intel Xeon Gold 5120, 2.20GHz)",Yes,28,28,2,1,88.4 ,89.1 
Cisco Systems,"Cisco UCS B200 M5 (Intel Xeon Gold 6154, 3.00GHz)",Yes,36,36,2,1,121   ,122   
Cisco Systems,"Cisco UCS B480 M5 (Intel Xeon Gold 5115, 2.40GHz)",Yes,40,40,4,1,111   ,112   
Cisco Systems,"Cisco UCS C220 M5 (Intel Xeon Platinum 8180, 2.50GHz)",Yes,56,56,2,1,131   ,132   
Cisco Systems,"Cisco UCS B480 M5 (Intel Xeon Gold 5118, 2.30GHz)",Yes,48,48,4,1,118   ,119   
Cisco Systems,"Cisco UCS C220 M5 (Intel Xeon Gold 6134M, 3.20GHz)",Yes,16,16,2,1,84.3 ,85.6 
Cisco Systems,"Cisco UCS C220 M5 (Intel Xeon Platinum 8180M, 2.50GHz)",Yes,56,56,2,1,131   ,132   
Cisco Systems,"Cisco UCS B200 M5 (Intel Xeon Platinum 8180, 2.50GHz)",Yes,56,56,2,1,131   ,132   
Cisco Systems,"Cisco UCS C220 M5 (Intel Xeon Gold 6142M, 2.60GHz)",Yes,32,32,2,1,112   ,114   
Cisco Systems,"Cisco UCS C220 M5 (Intel Xeon Platinum 8160M, 2.10 GHz)",Yes,48,48,2,1,120   ,121   
Cisco Systems,"Cisco UCS C220 M5 (Intel Xeon Gold 6140M, 2.30 GHz)",Yes,36,36,2,1,110   ,112   
Cisco Systems,"Cisco UCS B480 M5 (Intel Xeon Gold 6146, 3.20 GHz)",Yes,48,48,4,1,154   ,155   
Cisco Systems,"Cisco UCS C220 M5 (Intel Xeon Platinum 8176M, 2.10 GHz)",Yes,56,56,2,1,124   ,125   
Cisco Systems,"Cisco UCS B200 M5 (Intel Xeon Silver 4112, 2.60 GHz)",Yes,8,8,2,1,39.9 ,40.5 
Cisco Systems,"Cisco UCS C480 M5 (Intel Xeon Platinum 8170M, 2.10 GHz)",Yes,104,104,4,1,177   ,177   
Cisco Systems,"Cisco UCS C220 M5 (Intel Xeon Platinum 8170M, 2.10 GHz)",Yes,52,52,2,1,121   ,122   
Cisco Systems,"Cisco UCS B200 M5 (Intel Xeon Gold 6134, 3.20 GHz)",Yes,16,16,2,1,85.9 ,87.2 
Cisco Systems,"Cisco UCS B200 M5 (Intel Xeon Gold 6126, 2.60 GHz)",Yes,24,24,2,1,89.9 ,90.8 
Cisco Systems,"Cisco UCS C220 M5 (Intel Xeon Silver 4116, 2.10 GHz)",Yes,24,24,2,1,75.4 ,76.1 
Cisco Systems,"Cisco UCS C220 M5 (Intel Xeon Silver 4114, 2.20 GHz)",Yes,20,20,2,1,68.4 ,69.1 
Cisco Systems,"Cisco UCS C220 M5 (Intel Xeon Silver 4110, 2.10 GHz)",Yes,16,16,2,1,59.1 ,59.6 
Cisco Systems,"Cisco UCS B200 M5 (Intel Xeon Silver 4110, 2.10 GHz)",Yes,16,16,2,1,59.5 ,60.2 
Cisco Systems,"Cisco UCS C220 M5 (Intel Xeon Silver 4112, 2.60 GHz)",Yes,8,8,2,1,40.0 ,40.7 
Cisco Systems,"Cisco UCS B480 M5 (Intel Xeon Gold 6136, 3.00 GHz)",Yes,48,48,4,1,149   ,151   
Cisco Systems,"Cisco UCS B200 M5 (Intel Xeon Gold 6142, 2.60 GHz)",Yes,32,32,2,1,113   ,114   
Cisco Systems,"Cisco UCS B200 M5 (Intel Xeon Gold 5122, 3.60 GHz)",Yes,8,8,2,1,54.5 ,55.4 
Cisco Systems,"Cisco UCS C240 M5 (Intel Xeon Gold 6146, 3.20 GHz)",Yes,24,24,2,1,105   ,106   
Cisco Systems,"Cisco UCS C480 M5 (Intel Xeon Platinum 8180M, 2.50 GHz)",Yes,112,112,4,1,192   ,191   
Cisco Systems,"Cisco UCS B200 M5 (Intel Xeon Gold 6128, 3.40 GHz)",Yes,12,12,2,1,71.8 ,72.9 
Cisco Systems,"Cisco UCS B200 M5 (Intel Xeon Silver 4116, 2.10 GHz)",Yes,24,24,2,1,77.0 ,77.9 
Cisco Systems,"Cisco UCS C220 M5 (Intel Xeon Gold 6128, 3.40 GHz)",Yes,12,12,2,1,70.9 ,71.9 
Cisco Systems,"Cisco UCS C220 M5 (Intel Xeon Gold 6152, 2.10 GHz)",Yes,44,44,2,1,115   ,116   
Cisco Systems,"Cisco UCS B200 M5 (Intel Xeon Gold 6134M, 3.20 GHz)",Yes,16,16,2,1,85.0 ,86.6 
Cisco Systems,"Cisco UCS B200 M5 (Intel Xeon Platinum 8180M, 2.50 GHz)",Yes,56,56,2,1,133   ,134   
Cisco Systems,"Cisco UCS B200 M5 (Intel Xeon Silver 4114, 2.20 GHz)",Yes,20,20,2,1,69.7 ,70.5 
Cisco Systems,"Cisco UCS C220 M5 (Intel Xeon Gold 6130, 2.10 GHz)",Yes,32,32,2,1,106   ,106   
Cisco Systems,"Cisco UCS B200 M5 (Intel Xeon Gold 5115, 2.40 GHz)",Yes,20,20,2,1,75.3 ,76.0 
Cisco Systems,"Cisco UCS C220 M5 (Intel Xeon Bronze 3104, 1.70 GHz)",Yes,12,12,2,1,36.8 ,37.2 
Cisco Systems,"Cisco UCS B200 M5 (Intel Xeon Gold 6136, 3.00 GHz)",Yes,24,24,2,1,104   ,105   
Cisco Systems,"Cisco UCS C220 M5 (Intel Xeon Platinum 8170, 2.10 GHz)",Yes,52,52,2,1,120   ,121   
Cisco Systems,"Cisco UCS B200 M5 (Intel Xeon Bronze 3106, 1.70 GHz)",Yes,16,16,2,1,46.3 ,46.7 
Cisco Systems,"Cisco UCS C240 M5 (Intel Xeon Gold 6130, 2.10 GHz)",Yes,32,32,2,1,105   ,106   
Cisco Systems,"Cisco UCS C220 M5 (Intel Xeon Gold 6134, 3.20 GHz)",Yes,16,16,2,1,85.4 ,86.3 
Cisco Systems,"Cisco UCS C220 M5 (Intel Xeon Platinum 8180, 2.50 GHz)",Yes,56,56,2,1,131   ,132   
Cisco Systems,"Cisco UCS C220 M5 (Intel Xeon Gold 6150, 2.70 GHz)",Yes,36,36,2,1,116   ,117   
Cisco Systems,"Cisco UCS B200 M5 (Intel Xeon Silver 4108, 1.80 GHz)",Yes,16,16,2,1,56.5 ,57.0 
Cisco Systems,"Cisco UCS C220 M5 (Intel Xeon Bronze 3106, 1.70 GHz)",Yes,16,16,2,1,46.0 ,46.5 
Cisco Systems,"Cisco UCS C240 M5 (Intel Xeon Gold 5118, 2.30 GHz)",Yes,24,24,2,1,81.0 ,81.9 
Cisco Systems,"Cisco UCS C240 M5 (Intel Xeon Platinum 8170, 2.10 GHz)",Yes,52,52,2,1,122   ,123   
Cisco Systems,"Cisco UCS C240 M5 (Intel Xeon Gold 6140, 2.30 GHz)",Yes,36,36,2,1,110   ,111   
Cisco Systems,"Cisco UCS C220 M5 (Intel Xeon Silver 4108, 1.80 GHz)",Yes,16,16,2,1,55.7 ,56.2 
Cisco Systems,"Cisco UCS B480 M5 (Intel Xeon Gold 6148, 2.40 GHz)",Yes,80,80,4,1,168   ,169   
Cisco Systems,"Cisco UCS B480 M5 (Intel Xeon Platinum 8160, 2.10 GHz)",Yes,96,96,4,1,171   ,172   
Cisco Systems,"Cisco UCS B480 M5 (Intel Xeon Platinum 8153, 2.00 GHz)",Yes,64,64,4,1,136   ,137   
Cisco Systems,"Cisco UCS B200 M5 (Intel Xeon Platinum 8168, 2.70 GHz)",Yes,48,48,2,1,127   ,129   
Cisco Systems,"Cisco UCS B200 M5 (Intel Xeon Platinum 8153, 2.00 GHz)",Yes,32,32,2,1,96.7 ,97.9 
Cisco Systems,"Cisco UCS B200 M5 (Intel Xeon Platinum 8180, 2.50 GHz)",Yes,56,56,2,1,130   ,131   
Cisco Systems,"Cisco UCS B200 M5 (Intel Xeon Gold 6138, 2.00 GHz)",Yes,40,40,2,1,109   ,110   
Cisco Systems,"Cisco UCS B200 M5 (Intel Xeon Gold 6140, 2.30 GHz)",Yes,36,36,2,1,110   ,111   
Cisco Systems,"Cisco UCS B480 M5 (Intel Xeon Platinum 8164, 2.00 GHz)",Yes,104,104,4,1,171   ,171   
Cisco Systems,"Cisco UCS B200 M5 (Intel Xeon Platinum 8170, 2.10 GHz)",Yes,52,52,2,1,121   ,122   
Cisco Systems,"Cisco UCS B200 M5 (Intel Xeon Gold 6144, 3.50 GHz)",Yes,16,16,2,1,88.5 ,89.7 
Cisco Systems,"Cisco UCS B200 M5 (Intel Xeon Platinum 8160, 2.10 GHz)",Yes,48,48,2,1,119   ,120   
Cisco Systems,"Cisco UCS B480 M5 (Intel Xeon Platinum 8170, 2.10 GHz)",Yes,104,104,4,1,175   ,175   
Cisco Systems,"Cisco UCS B200 M5 (Intel Xeon Gold 6148, 2.40 GHz)",Yes,40,40,2,1,114   ,116   
Cisco Systems,"Cisco UCS B200 M5 (Intel Xeon Platinum 8164, 2.00 GHz)",Yes,52,52,2,1,118   ,119   
Cisco Systems,"Cisco UCS B200 M5 (Intel Xeon Platinum 8160M, 2.10 GHz)",Yes,48,48,2,1,119   ,120   
Cisco Systems,"Cisco UCS B200 M5 (Intel Xeon Bronze 3104, 1.70 GHz)",Yes,12,12,2,1,37.6 ,37.9 
Cisco Systems,"Cisco UCS B200 M5 (Intel Xeon Gold 6142M, 2.60 GHz)",Yes,32,32,2,1,113   ,114   
Cisco Systems,"Cisco UCS B480 M5 (Intel Xeon Gold 5120, 2.20 GHz)",Yes,56,56,4,1,118   ,120   
Cisco Systems,"Cisco UCS B200 M5 (Intel Xeon Gold 6130, 2.10 GHz)",Yes,32,32,2,1,105   ,106   
Cisco Systems,"Cisco UCS B200 M5 (Intel Xeon Platinum 8170M, 2.10 GHz)",Yes,52,52,2,1,120   ,122   
Cisco Systems,"Cisco UCS B480 M5 (Intel Xeon Gold 6140, 2.30 GHz)",Yes,72,72,4,1,155   ,156   
Cisco Systems,"Cisco UCS B200 M5 (Intel Xeon Gold 6140M, 2.30 GHz)",Yes,36,36,2,1,110   ,111   
Cisco Systems,"Cisco UCS B200 M5 (Intel Xeon Platinum 8176M, 2.10 GHz)",Yes,56,56,2,1,123   ,124   
Cisco Systems,"Cisco UCS B480 M5 (Intel Xeon Platinum 8156, 3.60 GHz)",Yes,16,16,4,1,90.5 ,91.0 
Cisco Systems,"Cisco UCS B480 M5 (Intel Xeon Gold 6154, 3.00 GHz)",Yes,72,72,4,1,167   ,168   
Cisco Systems,"Cisco UCS B480 M5 (Intel Xeon Platinum 8168, 2.70 GHz)",Yes,96,96,4,1,183   ,184   
Cisco Systems,Cisco UCS B480 M5 (Intel Xeon Gold 6132 2.60 GHz),Yes,56,56,4,1,146   ,Not Run
Cisco Systems,Cisco UCS B480 M5 (Intel Xeon Gold 6150 2.70 GHz),Yes,72,72,4,1,159   ,161   
Cisco Systems,Cisco UCS C480 M5 (Intel Xeon Platinum 8160 2.10 GHz),Yes,96,96,4,1,170   ,170   
Cisco Systems,Cisco UCS B480 M5 (Intel Xeon Gold 5122 3.60 GHz),Yes,16,16,4,1,84.3 ,84.9 
Cisco Systems,Cisco UCS B480 M5 (Intel Xeon Gold 6134M 3.20 GHz),Yes,32,32,4,1,132   ,133   
Cisco Systems,Cisco UCS B480 M5 (Intel Xeon Gold 6126 2.60 GHz),Yes,48,48,4,1,144   ,Not Run
Cisco Systems,Cisco UCS B480 M5 (Intel Xeon Gold 6142 2.60 GHz),Yes,64,64,4,1,158   ,Not Run
Cisco Systems,Cisco UCS C480 M5 (Intel Xeon Platinum 8164 2.00 GHz),Yes,104,104,4,1,169   ,171   
Cisco Systems,Cisco UCS B480 M5 (Intel Xeon Gold 6142M 2.60 GHz),Yes,64,64,4,1,157   ,Not Run
Cisco Systems,Cisco UCS B480 M5 (Intel Xeon Gold 6134 3.20 GHz),Yes,32,32,4,1,132   ,133   
Cisco Systems,Cisco UCS B480 M5 (Intel Xeon Gold 6128 3.40 GHz),Yes,24,24,4,1,113   ,112   
Cisco Systems,Cisco UCS C240 M5 (Intel Xeon Gold 6152 2.10 GHz),Yes,44,44,2,1,110   ,111   
Cisco Systems,"Cisco UCS C240 M5 (Intel Xeon Platinum 8164, 2.00 GHz)",Yes,52,52,2,1,117   ,119   
Cisco Systems,"Cisco UCS C220 M5 (Intel Xeon Platinum 8168, 2.70 GHz)",Yes,48,48,2,1,127   ,127   
Cisco Systems,"Cisco UCS C240 M5 (Intel Xeon Platinum 8168, 2.70 GHz)",Yes,48,48,2,1,128   ,128   
Cisco Systems,"Cisco UCS B480 M5 (Intel Xeon Platinum 8176M, 2.10 GHz)",Yes,112,112,4,1,179   ,Not Run
Cisco Systems,Cisco UCS C480 M5 (Intel Xeon Gold 6148 2.40 GHz),Yes,80,80,4,1,167   ,Not Run
Cisco Systems,"Cisco UCS B480 M5 (Intel Xeon Platinum 8170M, 2.10 GHz)",Yes,104,104,4,1,175   ,Not Run
Cisco Systems,"Cisco UCS B480 M5 (Intel Xeon Platinum 8160M, 2.10 GHz)",Yes,96,96,4,1,172   ,Not Run
Cisco Systems,"Cisco UCS B480 M5 (Intel Xeon Gold 6140M, 2.30 GHz)",Yes,72,72,4,1,157   ,Not Run
Cisco Systems,"Cisco UCS C480 M5 (Intel Xeon Platinum 8153, 2.00 GHz)",Yes,64,64,4,1,136   ,137   
Cisco Systems,"Cisco UCS B480 M5 (Intel Xeon Platinum 8158, 3.00 GHz)",Yes,48,48,4,1,155   ,Not Run
Cisco Systems,Cisco UCS C480 M5 (Intel Xeon Gold 6152 2.10 GHz),Yes,88,88,4,1,166   ,166   
Cisco Systems,"Cisco UCS C240 M5 (Intel Xeon Platinum 8153, 2.00 GHz)",Yes,32,32,2,1,106   ,Not Run
Cisco Systems,Cisco UCS C240 M5 (Intel Xeon Gold 6154 3.00 GHz),Yes,36,36,2,1,133   ,Not Run
Cisco Systems,Cisco UCS C240 M5 (Intel Xeon Gold 6134 3.20 GHz),Yes,16,16,2,1,91.2 ,Not Run
Cisco Systems,Cisco UCS C240 M5 (Intel Xeon Gold 6130 2.10 GHz),Yes,32,32,2,1,117   ,Not Run
Cisco Systems,Cisco UCS C240 M5 (Intel Xeon Platinum 8168 2.70 GHz),Yes,48,48,2,1,144   ,Not Run
Cisco Systems,Cisco UCS C240 M5 (Intel Xeon Gold 6126 2.60 GHz),Yes,24,24,2,1,106   ,Not Run
Cisco Systems,Cisco UCS C240 M5 (Intel Xeon Gold 6142 2.60 GHz),Yes,32,32,2,1,126   ,Not Run
Cisco Systems,Cisco UCS C240 M5 (Intel Xeon Gold 6136 3.00 GHz),Yes,24,24,2,1,113   ,Not Run
Cisco Systems,Cisco UCS C240 M5 (Intel Xeon Gold 6150 2.70 GHz),Yes,36,36,2,1,128   ,Not Run
Cisco Systems,Cisco UCS C240 M5 (Intel Xeon Gold 5120 2.20 GHz),Yes,28,28,2,1,97.7 ,Not Run
Cisco Systems,Cisco UCS C240 M5 (Intel Xeon Gold 6128 3.40 GHz),Yes,12,12,2,1,76.0 ,Not Run
Cisco Systems,Cisco UCS C240 M5 (Intel Xeon Gold 6144 3.50 GHz),Yes,16,16,2,1,96.0 ,Not Run
Cisco Systems,Cisco UCS C240 M5 (Intel Xeon Gold 6132 2.60 GHz),Yes,28,28,2,1,113   ,Not Run
Cisco Systems,Cisco UCS C480 M5 (Intel Xeon Gold 6144 3.50 GHz),Yes,32,32,4,1,138   ,Not Run
Cisco Systems,Cisco UCS C480 M5 (Intel Xeon Gold 6130 2.10 GHz),Yes,64,64,4,1,149   ,Not Run
Cisco Systems,Cisco UCS B480 M5 (Intel Xeon Gold 6152 2.10 GHz),Yes,88,88,4,1,168   ,Not Run
Cisco Systems,Cisco UCS B480 M5 (Intel Xeon Gold 6144 3.50 GHz),Yes,32,32,4,1,139   ,Not Run
Cisco Systems,Cisco UCS B480 M5 (Intel Xeon Gold 6138 2.00 GHz),Yes,80,80,4,1,160   ,Not Run
Cisco Systems,Cisco UCS B480 M5 (Intel Xeon Gold 6130 2.10 GHz),Yes,64,64,4,1,149   ,Not Run
Cisco Systems,"Cisco UCS B480 M5 (Intel Xeon Platinum 8176, 2.10 GHz)",Yes,112,112,4,1,180   ,Not Run
Cisco Systems,Cisco UCS C480 M5 (Intel Xeon Gold 6146 3.20 GHz),Yes,48,48,4,1,157   ,Not Run
Cisco Systems,"Cisco UCS C480 M5 (Intel Xeon Gold 6150, 2.70 GHz)",Yes,72,72,4,1,178   ,Not Run
Cisco Systems,"Cisco UCS C480 M5 (Intel Xeon Platinum 8168, 2.70 GHz)",Yes,96,96,4,1,183   ,Not Run
Cisco Systems,"Cisco UCS C480 M5 (Intel Xeon Platinum 8156, 3.60 GHz)",Yes,16,16,4,1,92.4 ,Not Run
Cisco Systems,"Cisco UCS C480 M5 (Intel Xeon Gold 6154, 3.00 GHz)",Yes,72,72,4,1,183   ,Not Run
Cisco Systems,"Cisco UCS C220 M5 (Intel Xeon Gold 6132, 2.60 GHz)",Yes,28,28,2,1,113   ,Not Run
Cisco Systems,"Cisco UCS C220 M5 (Intel Xeon Gold 6142, 2.60 GHz)",Yes,32,32,2,1,125   ,Not Run
Cisco Systems,"Cisco UCS C220 M5 (Intel Xeon Platinum 8164, 2.00 GHz)",Yes,52,52,2,1,132   ,Not Run
Cisco Systems,"Cisco UCS C220 M5 (Intel Xeon Gold 6126, 2.60 GHz)",Yes,24,24,2,1,105   ,Not Run
Cisco Systems,Cisco UCS C240 M5 (Intel Xeon Platinum 8176M 2.10 GHz),Yes,56,56,2,1,138   ,Not Run
Cisco Systems,Cisco UCS C240 M5 (Intel Xeon Silver 4114 2.20 GHz),Yes,20,20,2,1,78.7 ,Not Run
Cisco Systems,Cisco UCS C240 M5 (Intel Xeon Silver 4116 2.10 GHz),Yes,24,24,2,1,85.5 ,Not Run
Cisco Systems,Cisco UCS C240 M5 (Intel Xeon Silver 4112 2.60 GHz),Yes,8,8,2,1,45.0 ,Not Run
Cisco Systems,Cisco UCS C240 M5 (Intel Xeon Silver 4110 2.10 GHz),Yes,16,16,2,1,67.2 ,Not Run
Cisco Systems,Cisco UCS C240 M5 (Intel Xeon Platinum 8170M 2.10 GHz),Yes,52,52,2,1,135   ,Not Run
Cisco Systems,Cisco UCS C240 M5 (Intel Xeon Bronze 3106 1.70 GHz),Yes,16,16,2,1,50.9 ,Not Run
Cisco Systems,Cisco UCS C240 M5 (Intel Xeon Gold 6142M 2.60 GHz),Yes,32,32,2,1,125   ,Not Run
Cisco Systems,Cisco UCS C240 M5 (Intel Xeon Silver 4108 1.80 GHz),Yes,16,16,2,1,62.2 ,Not Run
Cisco Systems,Cisco UCS C240 M5 (Intel Xeon Gold 6140 2.30 GHz),Yes,36,36,2,1,123   ,Not Run
Cisco Systems,Cisco UCS C240 M5 (Intel Xeon Bronze 3104 1.70 GHz),Yes,12,12,2,1,40.2 ,Not Run
Cisco Systems,Cisco UCS C240 M5 (Intel Xeon Gold 5122 3.60 GHz),Yes,8,8,2,1,55.9 ,Not Run
Cisco Systems,Cisco UCS C240 M5 (Intel Xeon Gold 5118 2.30 GHz),Yes,24,24,2,1,91.7 ,Not Run
Cisco Systems,Cisco UCS C240 M5 (Intel Xeon Gold 5115 2.40 GHz),Yes,20,20,2,1,83.9 ,Not Run
Cisco Systems,Cisco UCS C220 M5 (Intel Xeon Gold 6130 2.10 GHz),Yes,32,32,2,1,117   ,Not Run
Cisco Systems,Cisco UCS C220 M5 (Intel Xeon Gold 5118 2.30 GHz),Yes,24,24,2,1,91.7 ,Not Run
Cisco Systems,Cisco UCS C220 M5 (Intel Xeon Gold 6154 3.00 GHz),Yes,36,36,2,1,132   ,Not Run
Cisco Systems,Cisco UCS C220 M5 (Intel Xeon Gold 6146 3.20 GHz),Yes,24,24,2,1,116   ,Not Run
Cisco Systems,Cisco UCS C220 M5 (Intel Xeon Gold 6148 2.40 GHz),Yes,40,40,2,1,128   ,Not Run
Cisco Systems,"Cisco UCS C220 M5 (Intel Xeon Platinum 8153, 2.00 GHz)",Yes,32,32,2,1,106   ,Not Run
Cisco Systems,Cisco UCS C220 M5 (Intel Xeon Gold 6136 3.00 GHz),Yes,24,24,2,1,113   ,Not Run
Cisco Systems,Cisco UCS C240 M5 (Intel Xeon Gold 6148 2.40 GHz),Yes,40,40,2,1,127   ,Not Run
Cisco Systems,"Cisco UCS C480 M5 (Intel Xeon Gold 6142, 2.60 GHz)",Yes,64,64,4,1,172   ,Not Run
Cisco Systems,"Cisco UCS C480 M5 (Intel Xeon Gold 6140, 2.30 GHz)",Yes,72,72,4,1,171   ,Not Run
Cisco Systems,"Cisco UCS C480 M5 (Intel Xeon Gold 6136, 3.00 GHz)",Yes,48,48,4,1,158   ,Not Run
Cisco Systems,"Cisco UCS C480 M5 (Intel Xeon Gold 6126, 2.60 GHz)",Yes,48,48,4,1,148   ,Not Run
Cisco Systems,"Cisco UCS C480 M5 (Intel Xeon Gold 6134, 3.20 GHz)",Yes,32,32,4,1,148   ,Not Run
Cisco Systems,"Cisco UCS C480 M5 (Intel Xeon Gold 5120, 2.20 GHz)",Yes,56,56,4,1,123   ,Not Run
Cisco Systems,"Cisco UCS C480 M5 (Intel Xeon Gold 6128, 3.40 GHz)",Yes,24,24,4,1,121   ,Not Run
Cisco Systems,"Cisco UCS C480 M5 (Intel Xeon Gold 5118, 2.30 GHz)",Yes,48,48,4,1,117   ,Not Run
Cisco Systems,Cisco UCS C220 M5 (Intel Xeon Gold 5115 2.40 GHz),Yes,20,20,2,1,84.1 ,Not Run
Cisco Systems,Cisco UCS C220 M5 (Intel Xeon Platinum 8156 3.60 GHz),Yes,8,8,2,1,55.7 ,Not Run
Cisco Systems,Cisco UCS C220 M5 (Intel Xeon Gold 6140 2.30 GHz),Yes,36,36,2,1,122   ,Not Run
Cisco Systems,Cisco UCS C220 M5 (Intel Xeon Gold 5122 3.60 GHz),Yes,8,8,2,1,55.9 ,Not Run
Cisco Systems,Cisco UCS C220 M5 (Intel Xeon Gold 6138 2.00 GHz),Yes,40,40,2,1,120   ,Not Run
Cisco Systems,Cisco UCS C220 M5 (Intel Xeon Gold 6144 3.50 GHz),Yes,16,16,2,1,95.8 ,Not Run
Cisco Systems,Cisco UCS C220 M5 (Intel Xeon Gold 5120 2.20 GHz),Yes,28,28,2,1,97.2 ,Not Run
Cisco Systems,Cisco UCS C220 M5 (Intel Xeon Platinum 8176 2.10 GHz),Yes,56,56,2,1,137   ,Not Run
Cisco Systems,Cisco UCS C220 M5 (Intel Xeon Platinum 8170 2.10 GHz),Yes,52,52,2,1,134   ,Not Run
Cisco Systems,Cisco UCS C220 M5 (Intel Xeon Platinum 8158 3.00 GHz),Yes,24,24,2,1,114   ,Not Run
Cisco Systems,Cisco UCS C220 M5 (Intel Xeon Platinum 8160 2.10 GHz),Yes,48,48,2,1,133   ,Not Run
Cisco Systems,Cisco UCS C220 M5 (Intel Xeon Platinum 8180 2.50 GHz),Yes,56,56,2,1,145   ,Not Run
Cisco Systems,"Cisco UCS C240 M5 (Intel Xeon Platinum 8156, 3.60 GHz)",Yes,8,8,2,1,55.7 ,Not Run
Cisco Systems,"Cisco UCS C240 M5 (Intel Xeon Gold 6134M, 3.20 GHz)",Yes,16,16,2,1,92.9 ,Not Run
Cisco Systems,"Cisco UCS C240 M5 (Intel Xeon Platinum 8176, 2.10 GHz)",Yes,56,56,2,1,135   ,Not Run
Cisco Systems,"Cisco UCS C240 M5 (Intel Xeon Platinum 8170, 2.10 GHz)",Yes,52,52,2,1,134   ,Not Run
Cisco Systems,"Cisco UCS C240 M5 (Intel Xeon Gold 6140M, 2.30 GHz)",Yes,36,36,2,1,123   ,Not Run
Cisco Systems,"Cisco UCS C240 M5 (Intel Xeon Platinum 8160M, 2.10 GHz)",Yes,48,48,2,1,133   ,Not Run
Cisco Systems,"Cisco UCS C240 M5 (Intel Xeon Platinum 8158, 3.00 GHz)",Yes,24,24,2,1,113   ,Not Run
Cisco Systems,"Cisco UCS C240 M5 (Intel Xeon Gold 6138, 2.00 GHz)",Yes,40,40,2,1,120   ,Not Run
Cisco Systems,"Cisco UCS C240 M5 (Intel Xeon Platinum 8180M, 2.50 GHz)",Yes,56,56,2,1,143   ,Not Run
Cisco Systems,"Cisco UCS C480 M5 (Intel Xeon Gold 5115, 2.40 GHz)",Yes,40,40,4,1,118   ,Not Run
Cisco Systems,"Cisco UCS C480 M5 (Intel Xeon Gold 6134M, 3.20 GHz)",Yes,32,32,4,1,147   ,Not Run
Cisco Systems,"Cisco UCS C480 M5 (Intel Xeon Gold 6138, 2.00 GHz)",Yes,80,80,4,1,171   ,Not Run
Cisco Systems,"Cisco UCS C480 M5 (Intel Xeon Gold 5122, 3.60 GHz)",Yes,16,16,4,1,88.2 ,Not Run
Cisco Systems,"Cisco UCS C480 M5 (Intel Xeon Platinum 8176, 2.10 GHz)",Yes,112,112,4,1,193   ,Not Run
Cisco Systems,"Cisco UCS C480 M5 (Intel Xeon Gold 6140M, 2.30 GHz)",Yes,72,72,4,1,171   ,Not Run
Cisco Systems,"Cisco UCS C480 M5 (Intel Xeon Gold 6142M, 2.60 GHz)",Yes,64,64,4,1,169   ,Not Run
Cisco Systems,"Cisco UCS C480 M5 (Intel Xeon Platinum 8176M, 2.10 GHz)",Yes,112,112,4,1,194   ,Not Run
Cisco Systems,"Cisco UCS C480 M5 (Intel Xeon Platinum 8160M, 2.10 GHz)",Yes,96,96,4,1,190   ,Not Run
Cisco Systems,"Cisco UCS C480 M5 (Intel Xeon Gold 6132, 2.60 GHz)",Yes,56,56,4,1,153   ,Not Run
Cisco Systems,"Cisco UCS C240 M5 (Intel Xeon Platinum 8280, 2.70GHz)",Yes,28,28,1,1,102   ,Not Run
Cisco Systems,"Cisco UCS C480 M5 (Intel Xeon Platinum 8280, 2.70GHz)",Yes,112,112,4,1,232   ,Not Run
Cisco Systems,"Cisco UCS C240 M5 (Intel Xeon Platinum 8280, 2.70GHz)",Yes,56,56,2,1,156   ,Not Run
Cisco Systems,"Cisco UCS C240 M5 (Intel Xeon Gold 6242, 2.80GHz)",Yes,32,32,2,1,133   ,Not Run
Cisco Systems,"Cisco UCS C220 M5 (Intel Xeon Silver 4208, 2.10GHz)",Yes,16,16,2,1,67.5 ,67.8 
Cisco Systems,"Cisco UCS C220 M5 (Intel Xeon Silver 4215, 2.50GHz)",Yes,16,16,2,1,77.2 ,77.5 
Cisco Systems,"Cisco UCS C240 M5 (Intel Xeon Silver 4216, 2.10GHz)",Yes,32,32,2,1,112   ,113   
Cisco Systems,"Cisco UCS C240 M5 (Intel Xeon Gold 6238, 2.10GHz)",Yes,44,44,2,1,134   ,134   
Cisco Systems,"Cisco UCS C240 M5 (Intel Xeon Gold 6230, 2.10GHz)",Yes,40,40,2,1,128   ,130   
Cisco Systems,"Cisco UCS C240 M5 (Intel Xeon Gold 6240, 2.60GHz)",Yes,36,36,2,1,132   ,133   
Cisco Systems,"Cisco UCS C240 M5 (Intel Xeon Gold 6254, 3.10GHz)",Yes,36,36,2,1,141   ,142   
Cisco Systems,"Cisco UCS C240 M5 (Intel Xeon Platinum 8280M, 2.70GHz)",Yes,56,56,2,1,153   ,155   
Cisco Systems,"Cisco UCS B200 M5 (Intel Xeon Gold 6248, 2.50GHz)",Yes,40,40,2,1,135   ,136   
Cisco Systems,"Cisco UCS B200 M5 (Intel Xeon Gold 6240, 2.60GHz)",Yes,36,36,2,1,130   ,130   
Cisco Systems,"Cisco UCS C240 M5 (Intel Xeon Gold 6248, 2.50GHz)",Yes,40,40,2,1,136   ,137   
Cisco Systems,"Cisco UCS C240 M5 (Intel Xeon Gold 5220, 2.20GHz)",Yes,36,36,2,1,121   ,122   
Cisco Systems,"Cisco UCS C240 M5 (Intel Xeon Gold 6252, 2.10GHz)",Yes,48,48,2,1,140   ,141   
Cisco Systems,"Cisco UCS C240 M5 (Intel Xeon Silver 4216, 2.10GHz)",Yes,32,32,2,1,113   ,113   
Cisco Systems,"Cisco UCS C240 M5 (Intel Xeon Gold 5222, 3.80GHz)",Yes,8,8,2,1,58.0 ,Not Run
Cisco Systems,"Cisco UCS C240 M5 (Intel Xeon Gold 6240L, 2.60GHz)",Yes,36,36,2,1,131   ,133   
Cisco Systems,"Cisco UCS C240 M5 (Intel Xeon Gold 6244, 3.60GHz)",Yes,32,32,2,1,106   ,106   
Cisco Systems,"Cisco UCS B200 M5 (Intel Xeon Gold 6246, 3.30GHz)",Yes,24,24,2,1,123   ,123   
Cisco Systems,"Cisco UCS C240 M5 (Intel Xeon Gold 5215M, 2.50GHz)",Yes,20,20,2,1,88.4 ,Not Run
Cisco Systems,"Cisco UCS C240 M5 (Intel Xeon Platinum 8280L, 2.70GHz)",Yes,56,56,2,1,154   ,155   
Cisco Systems,"Cisco UCS C240 M5 (Intel Xeon Gold 6238M, 2.10GHz)",Yes,44,44,2,1,134   ,135   
Cisco Systems,"Cisco UCS C240 M5 (Intel Xeon Gold 5215, 2.50GHz)",Yes,20,20,2,1,89.0 ,Not Run
Cisco Systems,"Cisco UCS C240 M5 (Intel Xeon Gold 6238L, 2.10GHz)",Yes,44,44,2,1,134   ,135   
Cisco Systems,"Cisco UCS C240 M5 (Intel Xeon Gold 6240M, 2.60GHz)",Yes,36,36,2,1,132   ,132   
Cisco Systems,"Cisco UCS B200 M5 (Intel Xeon Gold 5220, 2.20GHz)",Yes,36,36,2,1,121   ,Not Run
Cisco Systems,"Cisco UCS B200 M5 (Intel Xeon Gold 6230, 2.10GHz)",Yes,40,40,2,1,128   ,Not Run
Cisco Systems,"Cisco UCS B200 M5 (Intel Xeon Silver 4216, 2.10GHz)",Yes,32,32,2,1,113   ,Not Run
Cisco Systems,"Cisco UCS B200 M5 (Intel Xeon Gold 6244, 3.60GHz)",Yes,16,16,2,1,102   ,Not Run
Cisco Systems,"Cisco UCS B200 M5 (Intel Xeon Gold 5218, 2.30GHz)",Yes,32,32,2,1,118   ,Not Run
Cisco Systems,"Cisco UCS B200 M5 (Intel Xeon Platinum 8280, 2.70GHz)",Yes,56,56,2,1,154   ,Not Run
Cisco Systems,"Cisco UCS B200 M5 (Intel Xeon Platinum 8260, 2.40GHz)",Yes,48,48,2,1,146   ,Not Run
Cisco Systems,"Cisco UCS B200 M5 (Intel Xeon Gold 5222, 3.80GHz)",Yes,8,8,2,1,57.9 ,Not Run
Cisco Systems,"Cisco UCS B200 M5 (Intel Xeon Platinum 8270, 2.70GHz)",Yes,52,52,2,1,151   ,Not Run
Cisco Systems,"Cisco UCS B200 M5 (Intel Xeon Silver 4210, 2.20GHz)",Yes,20,20,2,1,82.1 ,Not Run
Cisco Systems,"Cisco UCS B200 M5 (Intel Xeon Gold 5215, 2.50GHz)",Yes,20,20,2,1,90.2 ,Not Run
Cisco Systems,"Cisco UCS B200 M5 (Intel Xeon Gold 6242, 2.80GHz)",Yes,32,32,2,1,134   ,Not Run
Cisco Systems,"Cisco UCS B200 M5 (Intel Xeon Gold 6254, 3.10GHz)",Yes,36,36,2,1,140   ,Not Run
Cisco Systems,"Cisco UCS B200 M5 (Intel Xeon Platinum 8280M, 2.70GHz)",Yes,56,56,2,1,154   ,Not Run
Cisco Systems,"Cisco UCS B200 M5 (Intel Xeon Bronze 3204, 1.90GHz)",Yes,12,12,2,1,43.8 ,Not Run
Cisco Systems,"Cisco UCS B200 M5 (Intel Xeon Silver 4208, 2.10GHz)",Yes,16,16,2,1,68.6 ,Not Run
Cisco Systems,"Cisco UCS B200 M5 (Intel Xeon Gold 6226, 2.70GHz)",Yes,24,24,2,1,111   ,Not Run
Cisco Systems,"Cisco UCS B200 M5 (Intel Xeon Platinum 8253, 2.20GHz)",Yes,32,32,2,1,NC,NC
Cisco Systems,"Cisco UCS B200 M5 (Intel Xeon Gold 6240, 2.60GHz)",Yes,36,36,2,1,131   ,Not Run
Cisco Systems,"Cisco UCS B200 M5 (Intel Xeon Gold 6252, 2.10GHz)",Yes,48,48,2,1,139   ,Not Run
Cisco Systems,"Cisco UCS C240 M5 (Intel Xeon Platinum 8270, 2.70GHz)",Yes,52,52,2,1,151   ,154   
Cisco Systems,"Cisco UCS C240 M5 (Intel Xeon Bronze 3204, 1.90GHz)",Yes,12,12,2,1,40.3 ,40.7 
Cisco Systems,"Cisco UCS C240 M5 (Intel Xeon Gold 6226, 2.70GHz)",Yes,24,24,2,1,112   ,113   
Cisco Systems,"Cisco UCS C240 M5 (Intel Xeon Platinum 8260, 2.40GHz)",Yes,48,48,2,1,146   ,147   
Cisco Systems,"Cisco UCS C240 M5 (Intel Xeon Silver 4214, 2.20GHz)",Yes,24,24,2,1,94.1 ,95.0 
Cisco Systems,"Cisco UCS C240 M5 (Intel Xeon Platinum 8253, 2.20GHz)",Yes,32,32,2,1,NC,NC
Cisco Systems,"Cisco UCS C240 M5 (Intel Xeon Platinum 8256, 3.80GHz)",Yes,8,8,2,1,NC,NC
Cisco Systems,"Cisco UCS C240 M5 (Intel Xeon Platinum 8276, 2.20GHz)",Yes,56,56,2,1,148   ,149   
Cisco Systems,"Cisco UCS C240 M5 (Intel Xeon Gold 6246, 3.30GHz)",Yes,24,24,2,1,122   ,122   
Cisco Systems,"Cisco UCS C240 M5 (Intel Xeon Gold 6244, 3.60GHz)",Yes,16,16,2,1,105   ,105   
Cisco Systems,"Cisco UCS C240 M5 (Intel Xeon Silver 4210, 2.20GHz)",Yes,20,20,2,1,81.4 ,Not Run
Cisco Systems,"Cisco UCS C240 M5 (Intel Xeon Silver 4215, 2.50GHz)",Yes,16,16,2,1,77.8 ,78.4 
Cisco Systems,"Cisco UCS C240 M5 (Intel Xeon Platinum 8260L, 2.40GHz)",Yes,48,48,2,1,145   ,146   
Cisco Systems,"Cisco UCS C240 M5 (Intel Xeon Silver 4208, 2.10GHz)",Yes,16,16,2,1,68.6 ,69.4 
Cisco Systems,"Cisco UCS C240 M5 (Intel Xeon Gold 6262V, 1.90GHz)",Yes,48,48,2,1,125   ,125   
Cisco Systems,"Cisco UCS C240 M5 (Intel Xeon Platinum 8276L, 2.20GHz)",Yes,56,56,2,1,148   ,149   
Cisco Systems,"Cisco UCS C240 M5 (Intel Xeon Gold 6222V, 1.80GHz)",Yes,40,40,2,1,115   ,116   
Cisco Systems,"Cisco UCS C220 M5 (Intel Xeon Gold 6246, 3.30GHz)",Yes,24,24,2,1,121   ,Not Run
Cisco Systems,"Cisco UCS C220 M5 (Intel Xeon Gold 6226, 2.70GHz)",Yes,24,24,2,1,110   ,111   
Cisco Systems,"Cisco UCS B200 M5 (Intel Xeon Gold 5215M, 2.50GHz)",Yes,20,20,2,1,90.0 ,Not Run
Cisco Systems,"Cisco UCS B200 M5 (Intel Xeon Platinum 8276L, 2.20GHz)",Yes,56,56,2,1,148   ,Not Run
Cisco Systems,"Cisco UCS B200 M5 (Intel Xeon Platinum 8260L, 2.40GHz)",Yes,48,48,2,1,145   ,Not Run
Cisco Systems,"Cisco UCS B200 M5 (Intel Xeon Gold 5218N, 2.30GHz)",Yes,32,32,2,1,119   ,Not Run
Cisco Systems,"Cisco UCS C240 M5 (Intel Xeon Gold 5220S, 2.70GHz)",Yes,36,36,2,1,118   ,119   
Cisco Systems,"Cisco UCS C240 M5 (Intel Xeon Gold 6230N, 2.30GHz)",Yes,40,40,2,1,130   ,131   
Cisco Systems,"Cisco UCS C240 M5 (Intel Xeon Gold 6252N, 2.30GHz)",Yes,48,48,2,1,146   ,146   
Cisco Systems,"Cisco UCS B200 M5 (Intel Xeon Gold 6230N, 2.30GHz)",Yes,40,40,2,1,130   ,Not Run
Cisco Systems,"Cisco UCS B200 M5 (Intel Xeon Gold 6238M, 2.10GHz)",Yes,44,44,2,1,135   ,Not Run
Cisco Systems,"Cisco UCS B200 M5 (Intel Xeon Gold 6240M, 2.60GHz)",Yes,36,36,2,1,131   ,Not Run
Cisco Systems,"Cisco UCS B200 M5 (Intel Xeon Gold 5220S, 2.70GHz)",Yes,36,36,2,1,120   ,Not Run
Cisco Systems,"Cisco UCS B200 M5 (Intel Xeon Gold 6240L, 2.60GHz)",Yes,36,36,2,1,129   ,Not Run
Cisco Systems,"Cisco UCS B200 M5 (Intel Xeon Gold 6238L, 2.10GHz)",Yes,44,44,2,1,134   ,Not Run
Cisco Systems,"Cisco UCS B200 M5 (Intel Xeon Gold 6262V, 1.90GHz)",Yes,48,48,2,1,126   ,Not Run
Cisco Systems,"Cisco UCS B200 M5 (Intel Xeon Gold 6252N, 2.30GHz)",Yes,48,48,2,1,145   ,Not Run
Cisco Systems,"Cisco UCS B200 M5 (Intel Xeon Platinum 8260, 2.40GHz)",Yes,48,48,2,1,146   ,Not Run
Cisco Systems,"Cisco UCS B200 M5 (Intel Xeon Gold 6222V, 1.80GHz)",Yes,40,40,2,1,115   ,Not Run
Cisco Systems,"Cisco UCS B200 M5 (Intel Xeon Gold 6240Y, 2.60GHz)",Yes,36,36,2,1,130   ,Not Run
Cisco Systems,"Cisco UCS B200 M5 (Intel Xeon Gold 5218B, 2.30GHz)",Yes,32,32,2,1,118   ,Not Run
Cisco Systems,"Cisco UCS C220 M5 (Intel Xeon Silver 4210, 2.20GHz)",Yes,20,20,2,1,82.1 ,Not Run
Cisco Systems,"Cisco UCS C220 M5 (Intel Xeon Bronze 3204, 1.90GHz)",Yes,12,12,2,1,43.9 ,44.4 
Cisco Systems,"Cisco UCS C220 M5 (Intel Xeon Gold 5215M, 2.50GHz)",Yes,20,20,2,1,90.5 ,90.9 
Cisco Systems,"Cisco UCS C220 M5 (Intel Xeon Gold 5215, 2.50GHz)",Yes,20,20,2,1,90.7 ,91.1 
Cisco Systems,"Cisco UCS C220 M5 (Intel Xeon Gold 5222, 3.80GHz)",Yes,8,8,2,1,58.1 ,58.9 
Cisco Systems,"Cisco UCS C220 M5 (Intel Xeon Platinum 8253, 2.20GHz)",Yes,32,32,2,1,NC,NC
Cisco Systems,"Cisco UCS C220 M5 (Intel Xeon Platinum 8270, 2.70GHz)",Yes,52,52,2,1,152   ,Not Run
Cisco Systems,"Cisco UCS C220 M5 (Intel Xeon Platinum 8280L, 2.70GHz)",Yes,56,56,2,1,154   ,Not Run
Cisco Systems,"Cisco UCS C240 M5 (Intel Xeon Gold 5218B, 2.30GHz)",Yes,32,32,2,1,117   ,118   
Cisco Systems,"Cisco UCS C220 M5 (Intel Xeon Gold 5218, 2.30GHz)",Yes,32,32,2,1,118   ,119   
Cisco Systems,"Cisco UCS C220 M5 (Intel Xeon Gold 6230, 2.10GHz)",Yes,40,40,2,1,129   ,129   
Cisco Systems,"Cisco UCS C220 M5 (Intel Xeon Gold 6252, 2.10GHz)",Yes,48,48,2,1,141   ,141   
Cisco Systems,"Cisco UCS C220 M5 (Intel Xeon Gold 6244, 3.60GHz)",Yes,16,16,2,1,104   ,104   
Cisco Systems,"Cisco UCS C220 M5 (Intel Xeon Gold 6262V, 1.90GHz)",Yes,48,48,2,1,127   ,Not Run
Cisco Systems,"Cisco UCS C240 M5 (Intel Xeon Gold 6240Y, 2.60GHz)",Yes,36,36,2,1,130   ,130   
Cisco Systems,"Cisco UCS C220 M5 (Intel Xeon Gold 6240M, 2.60GHz)",Yes,36,36,2,1,132   ,Not Run
Cisco Systems,"Cisco UCS C220 M5 (Intel Xeon Silver 4214, 2.20GHz)",Yes,24,24,2,1,93.7 ,94.2 
Cisco Systems,"Cisco UCS C240 M5 (Intel Xeon Gold 5218N, 2.30GHz)",Yes,32,32,2,1,118   ,120   
Cisco Systems,"Cisco UCS C220 M5 (Intel Xeon Gold 6222V, 1.80GHz)",Yes,40,40,2,1,113   ,115   
Cisco Systems,"Cisco UCS C220 M5 (Intel Xeon Gold 6240, 2.60GHz)",Yes,36,36,2,1,132   ,133   
Cisco Systems,"Cisco UCS C220 M5 (Intel Xeon Gold 6254, 3.10GHz)",Yes,36,36,2,1,141   ,142   
Cisco Systems,"Cisco UCS C220 M5 (Intel Xeon Gold 5220S, 2.70GHz)",Yes,36,36,2,1,120   ,121   
Cisco Systems,"Cisco UCS C220 M5 (Intel Xeon Platinum 8280M, 2.70GHz)",Yes,56,56,2,1,153   ,153   
Cisco Systems,"Cisco UCS B200 M5 (Intel Xeon Platinum 8260M, 2.40GHz)",Yes,48,48,2,1,146   ,Not Run
Cisco Systems,"Cisco UCS B200 M5 (Intel Xeon Silver 4214, 2.20GHz)",Yes,24,24,2,1,93.4 ,Not Run
Cisco Systems,"Cisco UCS B200 M5 (Intel Xeon Platinum 8256, 3.80GHz)",Yes,8,8,2,1,NC,NC
Cisco Systems,"Cisco UCS C220 M5 (Intel Xeon Gold 5218N, 2.30GHz)",Yes,32,32,2,1,119   ,120   
Cisco Systems,"Cisco UCS C220 M5 (Intel Xeon Gold 6238L, 2.10GHz)",Yes,44,44,2,1,134   ,135   
Cisco Systems,"Cisco UCS C220 M5 (Intel Xeon Gold 6242, 2.80GHz)",Yes,32,32,2,1,133   ,134   
Cisco Systems,"Cisco UCS C220 M5 (Intel Xeon Platinum 8260Y, 2.40GHz)",Yes,48,48,2,1,146   ,147   
Cisco Systems,"Cisco UCS C220 M5 (Intel Xeon Platinum 8276, 2.20GHz)",Yes,56,56,2,1,148   ,149   
Cisco Systems,"Cisco UCS C220 M5 (Intel Xeon Platinum 8256, 3.80GHz)",Yes,8,8,2,1,NC,NC
Cisco Systems,"Cisco UCS C220 M5 (Intel Xeon Gold 6238M, 2.10GHz)",Yes,44,44,2,1,134   ,135   
Cisco Systems,"Cisco UCS C480 M5 (Intel Xeon Gold 6240, 2.60GHz)",Yes,72,72,4,1,174   ,174   
Cisco Systems,"Cisco UCS C220 M5 (Intel Xeon Gold 6240L, 2.60GHz)",Yes,36,36,2,1,131   ,133   
Cisco Systems,"Cisco UCS C480 M5 (Intel Xeon Gold 6254, 3.10GHz)",Yes,72,72,4,1,196   ,196   
Cisco Systems,"Cisco UCS C220 M5 (Intel Xeon Platinum 8276L, 2.20GHz)",Yes,56,56,2,1,148   ,148   
Cisco Systems,"Cisco UCS C220 M5 (Intel Xeon Gold 6230N, 2.30GHz)",Yes,40,40,2,1,130   ,Not Run
Cisco Systems,"Cisco UCS C220 M5 (Intel Xeon Platinum 8260, 2.40GHz)",Yes,48,48,2,1,145   ,146   
Cisco Systems,"Cisco UCS C220 M5 (Intel Xeon Gold 6240Y, 2.60GHz)",Yes,36,36,2,1,130   ,131   
Cisco Systems,"Cisco UCS C220 M5 (Intel Xeon Gold 5220, 2.20GHz)",Yes,36,36,2,1,122   ,123   
Cisco Systems,"Cisco UCS C220 M5 (Intel Xeon Gold 5218B, 2.30GHz)",Yes,32,32,2,1,119   ,120   
Cisco Systems,"Cisco UCS C220 M5 (Intel Xeon Gold 6238, 2.10GHz)",Yes,44,44,2,1,134   ,135   
Cisco Systems,"Cisco UCS C480 M5 (Intel Xeon Gold 6222V, 1.80GHz)",Yes,80,80,4,1,162   ,Not Run
Cisco Systems,"Cisco UCS C480 M5 (Intel Xeon Gold 5215, 2.50GHz)",Yes,40,40,4,1,132   ,Not Run
Cisco Systems,"Cisco UCS C480 M5 (Intel Xeon Platinum 8280M, 2.70GHz)",Yes,112,112,4,1,217   ,Not Run
Cisco Systems,"Cisco UCS C480 M5 (Intel Xeon Gold 5222, 3.80GHz)",Yes,16,16,4,1,94.5 ,Not Run
Cisco Systems,"Cisco UCS C480 M5 (Intel Xeon Platinum 8268, 2.90GHz)",Yes,96,96,4,1,212   ,Not Run
Cisco Systems,"Cisco UCS C480 M5 (Intel Xeon Gold 6262V, 1.90GHz)",Yes,96,96,4,1,182   ,Not Run
Cisco Systems,"Cisco UCS C480 M5 (Intel Xeon Platinum 8270, 2.70GHz)",Yes,104,104,4,1,214   ,Not Run
Cisco Systems,"Cisco UCS C480 M5 (Intel Xeon Gold 6248, 2.50GHz)",Yes,80,80,4,1,181   ,Not Run
Cisco Systems,"Cisco UCS C480 M5 (Intel Xeon Gold 6246, 3.30GHz)",Yes,48,48,4,1,180   ,Not Run
Cisco Systems,"Cisco UCS C480 M5 (Intel Xeon Gold 6242, 2.80GHz)",Yes,64,64,4,1,189   ,Not Run
Cisco Systems,"Cisco UCS C480 M5 (Intel Xeon Gold 6244, 3.60GHz)",Yes,32,32,4,1,161   ,Not Run
Cisco Systems,"Cisco UCS C480 M5 (Intel Xeon Gold 6238, 2.10GHz)",Yes,88,88,4,1,188   ,Not Run
Cisco Systems,"Cisco UCS C480 M5 (Intel Xeon Gold 6226, 2.70GHz)",Yes,48,48,4,1,163   ,Not Run
Cisco Systems,"Cisco UCS C480 M5 (Intel Xeon Gold 6238M, 2.10GHz)",Yes,88,88,4,1,192   ,192   
Cisco Systems,"Cisco UCS C480 M5 (Intel Xeon Gold 6240Y, 2.60GHz)",Yes,72,72,4,1,184   ,184   
Cisco Systems,"Cisco UCS C480 M5 (Intel Xeon Platinum 8260M, 2.40GHz)",Yes,96,96,4,1,198   ,Not Run
Cisco Systems,"Cisco UCS C480 M5 (Intel Xeon Gold 6240L, 2.60GHz)",Yes,72,72,4,1,179   ,Not Run
Cisco Systems,"Cisco UCS C480 M5 (Intel Xeon Gold 6238L, 2.10GHz)",Yes,88,88,4,1,189   ,Not Run
Cisco Systems,"Cisco UCS C480 M5 (Intel Xeon Gold 5218, 2.30GHz)",Yes,64,64,4,1,162   ,Not Run
Cisco Systems,"Cisco UCS C480 M5 (Intel Xeon Platinum 8260Y, 2.40GHz)",Yes,96,96,4,1,201   ,Not Run
Cisco Systems,"Cisco UCS C220 M5 (Intel Xeon Platinum 8260L, 2.40GHz)",Yes,48,48,2,1,146   ,146   
Cisco Systems,"Cisco UCS C220 M5 (Intel Xeon Platinum 8280, 2.70GHz)",Yes,56,56,2,1,155   ,154   
Cisco Systems,"Cisco UCS C480 M5 (Intel Xeon Gold 5215M, 2.50GHz)",Yes,40,40,4,1,132   ,Not Run
Cisco Systems,"Cisco UCS B480 M5 (Intel Xeon Platinum 8280L, 2.70GHz)",Yes,112,112,4,1,217   ,Not Run
Cisco Systems,"Cisco UCS B480 M5 (Intel Xeon Platinum 8276, 2.20GHz)",Yes,112,112,4,1,208   ,Not Run
Cisco Systems,"Cisco UCS B480 M5 (Intel Xeon Platinum 8260, 2.40GHz)",Yes,96,96,4,1,193   ,Not Run
Cisco Systems,"Cisco UCS B480 M5 (Intel Xeon Gold 6248, 2.50GHz)",Yes,80,80,4,1,186   ,Not Run
Cisco Systems,"Cisco UCS B480 M5 (Intel Xeon Platinum 8270, 2.70GHz)",Yes,104,104,4,1,213   ,Not Run
Cisco Systems,"Cisco UCS B480 M5 (Intel Xeon Platinum 8256, 3.80GHz)",Yes,16,16,4,1,NC,NC
Cisco Systems,"Cisco UCS B480 M5 (Intel Xeon Gold 6240, 2.60GHz)",Yes,72,72,4,1,184   ,Not Run
Cisco Systems,"Cisco UCS B480 M5 (Intel Xeon Gold 6244, 3.60GHz)",Yes,32,32,4,1,157   ,158   
Cisco Systems,"Cisco UCS B480 M5 (Intel Xeon Gold 6246, 3.30GHz)",Yes,48,48,4,1,175   ,Not Run
Cisco Systems,"Cisco UCS C480 M5 (Intel Xeon Platinum 8260L, 2.40GHz)",Yes,96,96,4,1,203   ,203   
Cisco Systems,"Cisco UCS C480 M5 (Intel Xeon Platinum 8276L, 2.20GHz)",Yes,112,112,4,1,206   ,207   
Cisco Systems,"Cisco UCS B480 M5 (Intel Xeon Platinum 8280, 2.70GHz)",Yes,112,112,4,1,216   ,Not Run
Cisco Systems,"Cisco UCS B480 M5 (Intel Xeon Platinum 8260M, 2.40GHz)",Yes,96,96,4,1,201   ,Not Run
Cisco Systems,"Cisco UCS B480 M5 (Intel Xeon Gold 6240L, 2.60GHz)",Yes,72,72,4,1,182   ,Not Run
Cisco Systems,"Cisco UCS B480 M5 (Intel Xeon Gold 6242, 2.80GHz)",Yes,64,64,4,1,179   ,Not Run
Cisco Systems,"Cisco UCS B480 M5 (Intel Xeon Gold 6248, 2.50GHz)",Yes,80,80,4,1,178   ,Not Run
Cisco Systems,"Cisco UCS C480 M5 (Intel Xeon Gold 6252, 2.10GHz)",Yes,96,96,4,1,190   ,Not Run
Cisco Systems,"Cisco UCS C480 M5 (Intel Xeon Gold 6240M, 2.60GHz)",Yes,72,72,4,1,182   ,183   
Cisco Systems,"Cisco UCS C480 M5 (Intel Xeon Gold 5220, 2.20GHz)",Yes,72,72,4,1,162   ,162   
Cisco Systems,"Cisco UCS B480 M5 (Intel Xeon Platinum 8268, 2.90GHz)",Yes,96,96,4,1,212   ,212   
Cisco Systems,"Cisco UCS B480 M5 (Intel Xeon Gold 6238, 2.10GHz)",Yes,88,88,4,1,192   ,Not Run
Cisco Systems,"Cisco UCS B480 M5 (Intel Xeon Gold 6226, 2.70GHz)",Yes,48,48,4,1,160   ,164   
Cisco Systems,"Cisco UCS B480 M5 (Intel Xeon Gold 5218, 2.30GHz)",Yes,64,64,4,1,166   ,167   
Cisco Systems,"Cisco UCS C240 M5 (Intel Xeon Platinum 8268, 2.90GHz)",Yes,48,48,2,1,154   ,154   
Cisco Systems,"Cisco UCS C480 M5 (Intel Xeon Gold 6248, 2.50GHz)",Yes,80,80,4,1,193   ,Not Run
Cisco Systems,"Cisco UCS C240 M5 (Intel Xeon Gold 6242R, 3.10GHz)",Yes,40,40,2,1,148   ,149   
Cisco Systems,"Cisco UCS C240 M5 (Intel Xeon Gold 5220R, 2.20GHz)",Yes,48,48,2,1,140   ,141   
Cisco Systems,"Cisco UCS C240 M5 (Intel Xeon Silver 4214R, 2.40GHz)",Yes,24,24,2,1,98.0 ,98.6 
Cisco Systems,"Cisco UCS C240 M5 (Intel Xeon Gold 6246R, 3.40GHz)",Yes,32,32,2,1,146   ,146   
Cisco Systems,"Cisco UCS C240 M5 (Intel Xeon Gold 6238R, 2.20GHz)",Yes,56,56,2,1,148   ,148   
Cisco Systems,"Cisco UCS C240 M5 (Intel Xeon Silver 4215R, 3.20GHz)",Yes,16,16,2,1,79.4 ,79.9 
Cisco Systems,"Cisco UCS C240 M5 (Intel Xeon Gold 6226R, 2.90GHz)",Yes,32,32,2,1,133   ,133   
Cisco Systems,"Cisco UCS C240 M5 (Intel Xeon Gold 6248R, 3.00GHz)",Yes,48,48,2,1,154   ,155   
Cisco Systems,"Cisco UCS C240 M5 (Intel Xeon Gold 6258R, 2.70GHz)",Yes,56,56,2,1,153   ,155   
Cisco Systems,"Cisco UCS C240 M5 (Intel Xeon Gold 5218R, 2.10GHz)",Yes,40,40,2,1,128   ,129   
Cisco Systems,"Cisco UCS C240 M5 (Intel Xeon Bronze 3206R, 1.90GHz)",Yes,16,16,2,1,57.4 ,58.0 
Cisco Systems,"Cisco UCS C240 M5 (Intel Xeon Silver 4210R, 2.40GHz)",Yes,20,20,2,1,83.9 ,84.2 
Cisco Systems,"Cisco UCS C240 M5 (Intel Xeon Gold 6240R, 2.40GHz)",Yes,48,48,2,1,149   ,150   
Cisco Systems,"Cisco UCS C240 M5 (Intel Xeon Gold 6230R, 2.10GHz)",Yes,52,52,2,1,145   ,145   
Cisco Systems,"Cisco UCS C220 M5 (Intel Xeon Gold 6246R, 3.40GHz)",Yes,32,32,2,1,147   ,148   
Cisco Systems,"Cisco UCS C220 M5 (Intel Xeon Gold 5218R, 2.10GHz)",Yes,40,40,2,1,128   ,129   
Cisco Systems,"Cisco UCS C220 M5 (Intel Xeon Gold 6240R, 2.40GHz)",Yes,48,48,2,1,148   ,149   
Cisco Systems,"Cisco UCS C220 M5 (Intel Xeon Gold 6242R, 3.10GHz)",Yes,40,40,2,1,150   ,150   
Cisco Systems,"Cisco UCS C220 M5 (Intel Xeon Silver 4210R, 2.40GHz)",Yes,20,20,2,1,83.7 ,84.2 
Cisco Systems,"Cisco UCS C220 M5 (Intel Xeon Gold 6248R, 3.00GHz)",Yes,48,48,2,1,156   ,156   
Cisco Systems,"Cisco UCS C220 M5 (Intel Xeon Gold 5220R, 2.20GHz)",Yes,48,48,2,1,142   ,142   
Cisco Systems,"Cisco UCS C220 M5 (Intel Xeon Gold 6230R, 2.10GHz)",Yes,52,52,2,1,145   ,145   
Cisco Systems,"Cisco UCS C220 M5 (Intel Xeon Gold 6238R, 2.20GHz)",Yes,56,56,2,1,147   ,148   
Cisco Systems,"Cisco UCS C220 M5 (Intel Xeon Silver 4215R, 3.20GHz)",Yes,16,16,2,1,79.8 ,80.4 
Cisco Systems,"Cisco UCS C220 M5 (Intel Xeon Gold 6258R, 2.70GHz)",Yes,56,56,2,1,154   ,155   
Cisco Systems,"Cisco UCS C220 M5 (Intel Xeon Silver 4214R, 2.40GHz)",Yes,24,24,2,1,97.9 ,98.5 
Cisco Systems,"Cisco UCS C220 M5 (Intel Xeon Gold 6226R, 2.90GHz)",Yes,32,32,2,1,132   ,132   
Cisco Systems,"Cisco UCS C220 M5 (Intel Xeon Bronze 3206R, 1.90GHz)",Yes,16,16,2,1,57.2 ,57.8 
Cisco Systems,"Cisco UCS B200 M5 (Intel Xeon Gold 6240R, 2.40GHz)",Yes,48,48,2,1,149   ,150   
Cisco Systems,"Cisco UCS B200 M5 (Intel Xeon Gold 5220R, 2.20GHz)",Yes,48,48,2,1,141   ,142   
Cisco Systems,"Cisco UCS B200 M5 (Intel Xeon Silver 4214R, 2.40GHz)",Yes,24,24,2,1,99.4 ,100   
Cisco Systems,"Cisco UCS B200 M5 (Intel Xeon Silver 4210R, 2.40GHz)",Yes,20,20,2,1,84.9 ,85.4 
Cisco Systems,"Cisco UCS B200 M5 (Intel Xeon Gold 5218R, 2.10GHz)",Yes,40,40,2,1,127   ,128   
Cisco Systems,"Cisco UCS B200 M5 (Intel Xeon Gold 6226R, 2.90GHz)",Yes,32,32,2,1,135   ,135   
Cisco Systems,"Cisco UCS B200 M5 (Intel Xeon Gold 6230R, 2.10GHz)",Yes,52,52,2,1,145   ,145   
Cisco Systems,"Cisco UCS B200 M5 (Intel Xeon Gold 6246R, 3.40GHz)",Yes,32,32,2,1,145   ,146   
Cisco Systems,"Cisco UCS B200 M5 (Intel Xeon Gold 6242R, 3.10GHz)",Yes,40,40,2,1,150   ,Not Run
Cisco Systems,Cisco UCS C245 M6 (AMD EPYC 7763 64-Core Processor),Yes,64,64,1,1,174   ,Not Run
Cisco Systems,Cisco UCS C245 M6 (AMD EPYC 7763 64-Core Processor),Yes,128,128,2,1,262   ,Not Run
Cisco Systems,"Cisco UCS C220 M6 (Intel Xeon Gold 6346, 3.10GHz)",Yes,32,32,2,1,177   ,Not Run
Cisco Systems,"Cisco UCS C220 M6 (Intel Xeon Gold 6348, 2.60GHz)",Yes,56,56,2,1,205   ,205   
Cisco Systems,"Cisco UCS C240 M6 (Intel Xeon Silver 4314, 2.40GHz)",Yes,32,32,2,1,150   ,Not Run
Cisco Systems,"Cisco UCS C240 M6 (Intel Xeon Platinum 8368Q, 2.60GHz)",Yes,76,76,2,1,228   ,Not Run
Cisco Systems,"Cisco UCS B200 M6 (Intel Xeon Silver 4316, 2.30GHz)",Yes,40,40,2,1,158   ,Not Run
Cisco Systems,"Cisco UCS B200 M6 (Intel Xeon Gold 5320, 2.20GHz)",Yes,52,52,2,1,181   ,Not Run
Cisco Systems,"Cisco UCS B200 M6 (Intel Xeon Gold 6346, 3.10GHz)",Yes,32,32,2,1,176   ,Not Run
Cisco Systems,"Cisco UCS C220 M6 (Intel Xeon Platinum 8358P, 2.60GHz)",Yes,64,64,2,1,220   ,Not Run
Cisco Systems,"Cisco UCS C240 M6 (Intel Xeon Gold 6336Y, 2.40GHz)",Yes,48,48,2,1,189   ,Not Run
Cisco Systems,"Cisco UCS B200 M6 (Intel Xeon Silver 4310, 2.10GHz)",Yes,24,24,2,1,120   ,Not Run
Cisco Systems,"Cisco UCS B200 M6 (Intel Xeon Silver 4314, 2.40GHz)",Yes,32,32,2,1,149   ,Not Run
Cisco Systems,"Cisco UCS B200 M6 (Intel Xeon Gold 5317, 3.00GHz)",Yes,24,24,2,1,135   ,Not Run
Cisco Systems,"Cisco UCS B200 M6 (Intel Xeon Gold 6336Y, 2.40GHz)",Yes,48,48,2,1,187   ,Not Run
Cisco Systems,"Cisco UCS B200 M6 (Intel Xeon Platinum 8358, 2.60GHz)",Yes,64,64,2,1,220   ,Not Run
Cisco Systems,"Cisco UCS B200 M6 (Intel Xeon Platinum 8368Q, 2.60GHz)",Yes,76,76,2,1,229   ,Not Run
Cisco Systems,"Cisco UCS C240 M6 (Intel Xeon Silver 4310, 2.10GHz)",Yes,24,24,2,1,120   ,Not Run
Cisco Systems,"Cisco UCS C240 M6 (Intel Xeon Platinum 8352Y, 2.20GHz)",Yes,64,64,2,1,210   ,Not Run
Cisco Systems,"Cisco UCS C220 M6 (Intel Xeon Gold 5318S, 2.10GHz)",Yes,48,48,2,1,172   ,173   
Cisco Systems,"Cisco UCS C220 M6 (Intel Xeon Silver 4314, 2.40GHz)",Yes,32,32,2,1,151   ,151   
Cisco Systems,"Cisco UCS C220 M6 (Intel Xeon Gold 6342, 2.80GHz)",Yes,48,48,2,1,196   ,197   
Cisco Systems,"Cisco UCS B200 M6 (Intel Xeon Silver 4309Y, 2.80GHz)",Yes,16,16,2,1,101   ,Not Run
Cisco Systems,"Cisco UCS B200 M6 (Intel Xeon Gold 5318N, 2.10GHz)",Yes,48,48,2,1,169   ,Not Run
Cisco Systems,"Cisco UCS B200 M6 (Intel Xeon Gold 5318S, 2.10GHz)",Yes,48,48,2,1,174   ,Not Run
Cisco Systems,"Cisco UCS B200 M6 (Intel Xeon Gold 5318Y, 2.10GHz)",Yes,48,48,2,1,171   ,172   
Cisco Systems,"Cisco UCS B200 M6 (Intel Xeon Gold 5320T, 2.30GHz)",Yes,40,40,2,1,162   ,163   
Cisco Systems,"Cisco UCS B200 M6 (Intel Xeon Gold 6330N, 2.20GHz)",Yes,56,56,2,1,173   ,Not Run
Cisco Systems,"Cisco UCS B200 M6 (Intel Xeon Gold 6338N, 2.20GHz)",Yes,64,64,2,1,193   ,193   
Cisco Systems,"Cisco UCS B200 M6 (Intel Xeon Gold 6338T, 2.10GHz)",Yes,48,48,2,1,179   ,Not Run
Cisco Systems,"Cisco UCS B200 M6 (Intel Xeon Gold 6348, 2.60GHz)",Yes,56,56,2,1,200   ,Not Run
Cisco Systems,"Cisco UCS C220 M6 (Intel Xeon Silver 4316, 2.30GHz)",Yes,40,40,2,1,155   ,156   
Cisco Systems,"Cisco UCS C220 M6 (Intel Xeon Silver 4310, 2.10GHz)",Yes,24,24,2,1,118   ,118   
Cisco Systems,"Cisco UCS C220 M6 (Intel Xeon Gold 5317, 3.00GHz)",Yes,24,24,2,1,137   ,137   
Cisco Systems,"Cisco UCS C220 M6 (Intel Xeon Silver 4309Y, 2.80GHz)",Yes,16,16,2,1,102   ,102   
Cisco Systems,"Cisco UCS C220 M6 (Intel Xeon Gold 5320, 2.20GHz)",Yes,52,52,2,1,180   ,Not Run
Cisco Systems,"Cisco UCS C220 M6 (Intel Xeon Gold 6326, 2.90GHz)",Yes,32,32,2,1,165   ,166   
Cisco Systems,"Cisco UCS C220 M6 (Intel Xeon Gold 6334, 3.60GHz)",Yes,16,16,2,1,112   ,112   
Cisco Systems,"Cisco UCS C240 M6 (Intel Xeon Gold 5318Y, 2.10GHz)",Yes,48,48,2,1,173   ,Not Run
Cisco Systems,"Cisco UCS C240 M6 (Intel Xeon Gold 6338, 2.00GHz)",Yes,64,64,2,1,205   ,Not Run
Cisco Systems,"Cisco UCS C240 M6 (Intel Xeon Platinum 8351N, 2.40GHz)",Yes,36,36,1,1,136   ,Not Run
Cisco Systems,"Cisco UCS C240 M6 (Intel Xeon Platinum 8352S, 2.20GHz)",Yes,64,64,2,1,210   ,Not Run
Cisco Systems,"Cisco UCS C240 M6 (Intel Xeon Gold 6338N, 2.20GHz)",Yes,64,64,2,1,196   ,Not Run
Cisco Systems,"Cisco UCS C240 M6 (Intel Xeon Silver 4309Y, 2.80GHz)",Yes,16,16,2,1,103   ,Not Run
Cisco Systems,"Cisco UCS C225 M6 (AMD EPYC 7763 64-Core, Processor)",Yes,128,128,2,1,253   ,264   
Cisco Systems,"Cisco UCS C225 M6 (AMD EPYC 7713 64-Core, Processor)",Yes,128,128,2,2,247   ,255   
Cisco Systems,"Cisco UCS C225 M6 (AMD EPYC 7713 64-Core, Processor)",Yes,64,64,1,2,164   ,167   
Cisco Systems,Cisco UCS C225 M6 (AMD EPYC 7413 64-Core Processor),Yes,48,48,2,2,196   ,203   
Cisco Systems,"Cisco UCS B200 M6 (Intel Xeon Silver 4310T, 2.30GHz)",Yes,20,20,2,1,108   ,Not Run
Cisco Systems,"Cisco UCS B200 M6 (Intel Xeon Gold 5315Y, 3.20GHz)",Yes,16,16,2,1,109   ,Not Run
Cisco Systems,"Cisco UCS B200 M6 (Intel Xeon Gold 6312U, 2.40GHz)",Yes,24,24,1,1,119   ,Not Run
Cisco Systems,"Cisco UCS B200 M6 (Intel Xeon Gold 6314U, 2.30GHz)",Yes,32,32,1,1,137   ,Not Run
Cisco Systems,"Cisco UCS B200 M6 (Intel Xeon Platinum 8351N, 2.40GHz)",Yes,36,36,1,1,132   ,Not Run
Cisco Systems,"Cisco UCS B200 M6 (Intel Xeon Platinum 8352S, 2.20GHz)",Yes,64,64,2,1,209   ,Not Run
Cisco Systems,"Cisco UCS B200 M6 (Intel Xeon Platinum 8352Y, 2.20GHz)",Yes,64,64,2,1,209   ,Not Run
Cisco Systems,"Cisco UCS B200 M6 (Intel Xeon Platinum 8358P, 2.60GHz)",Yes,64,64,2,1,218   ,Not Run
Cisco Systems,"Cisco UCS C240 M6 (Intel Xeon Gold 6330N, 2.20GHz)",Yes,56,56,2,1,174   ,Not Run
Cisco Systems,"Cisco UCS C240 M6 (Intel Xeon Gold 5318S, 2.10GHz)",Yes,48,48,2,1,172   ,173   
Cisco Systems,"Cisco UCS C240 M6 (Intel Xeon Silver 4310T, 2.30GHz)",Yes,20,20,2,1,109   ,109   
Cisco Systems,"Cisco UCS C240 M6 (Intel Xeon Gold 6338T, 2.10GHz)",Yes,48,48,2,1,180   ,Not Run
Cisco Systems,"Cisco UCS C240 M6 (Intel Xeon Gold 5315Y, 3.20GHz)",Yes,16,16,2,1,106   ,106   
Cisco Systems,"Cisco UCS C220 M6 (Intel Xeon Gold 5318N, 2.10GHz)",Yes,48,48,2,1,169   ,Not Run
Cisco Systems,"Cisco UCS C220 M6 (Intel Xeon Gold 5320T, 2.30GHz)",Yes,40,40,2,1,164   ,165   
Cisco Systems,"Cisco UCS C220 M6 (Intel Xeon Silver 4310T, 2.30GHz)",Yes,20,20,2,1,108   ,Not Run
Cisco Systems,"Cisco UCS C220 M6 (Intel Xeon Platinum 8352Y, 2.20GHz)",Yes,64,64,2,1,210   ,210   
Cisco Systems,"Cisco UCS C220 M6 (Intel Xeon Platinum 8352V, 2.10GHz)",Yes,72,72,2,1,199   ,199   
Cisco Systems,"Cisco UCS C220 M6 (Intel Xeon Gold 5315Y, 3.20GHz)",Yes,16,16,2,1,106   ,Not Run
Cisco Systems,"Cisco UCS B200 M6 (Intel Xeon Platinum 8352V, 2.10GHz)",Yes,72,72,2,1,197   ,Not Run
Cisco Systems,"Cisco UCS B200 M6 (Intel Xeon Gold 6354, 3.00GHz)",Yes,36,36,2,1,178   ,Not Run
Cisco Systems,"Cisco UCS B200 M6 (Intel Xeon Platinum 8360Y, 2.40GHz)",Yes,72,72,2,1,216   ,Not Run
Cisco Systems,"Cisco UCS B200 M6 (Intel Xeon Platinum 8380, 2.30GHz)",Yes,80,80,2,1,230   ,Not Run
Cisco Systems,"Cisco UCS C240 M6 (Intel Xeon Platinum 8352V, 2.10GHz)",Yes,72,72,2,1,200   ,200   
Cisco Systems,"Cisco UCS C240 M6 (Intel Xeon Platinum 8368, 2.40GHz)",Yes,76,76,2,1,229   ,229   
Cisco Systems,"Cisco UCS C240 M6 (Intel Xeon Platinum 8380, 2.30GHz)",Yes,80,80,2,1,231   ,231   
Cisco Systems,"Cisco UCS C240 M6 (Intel Xeon Gold 5318N, 2.10GHz)",Yes,48,48,2,1,170   ,Not Run
Cisco Systems,"Cisco UCS C240 M6 (Intel Xeon Gold 5320T, 2.30GHz)",Yes,40,40,2,1,165   ,166   
Cisco Systems,"Cisco UCS C220 M6 (Intel Xeon Platinum 8380, 2.30GHz)",Yes,80,80,2,1,230   ,Not Run
Cisco Systems,Cisco UCS C225 M6 (AMD EPYC 7663 56-Core Processor),Yes,112,112,2,1,246   ,253   
Cisco Systems,Cisco UCS C225 M6 (AMD EPYC 7643 48-Core Processor),Yes,96,96,2,2,236   ,245   
Cisco Systems,Cisco UCS C225 M6 (AMD EPYC 75F3 32-Core Processor),Yes,64,64,2,1,237   ,244   
Cisco Systems,"Cisco UCS C220 M6 (Intel Xeon Gold 6314U, 2.30GHz)",Yes,32,32,1,1,139   ,139   
Cisco Systems,"Cisco UCS C220 M6 (Intel Xeon Gold 6312U, 2.40GHz)",Yes,24,24,1,1,121   ,122   
Cisco Systems,"Cisco UCS C220 M6 (Intel Xeon Gold 6338, 2.00GHz)",Yes,64,64,2,1,205   ,205   
Cisco Systems,"Cisco UCS C220 M6 (Intel Xeon Platinum 8351N, 2.40GHz)",Yes,36,36,1,1,135   ,136   
Cisco Systems,"Cisco UCS C245 M6 (AMD EPYC 7352 24-Core, Processor)",Yes,48,48,2,1,156   ,159   
Cisco Systems,"Cisco UCS C220 M6 (Intel Xeon Platinum 8368Q, 2.60GHz)",Yes,76,76,2,1,232   ,232   
Cisco Systems,"Cisco UCS C220 M6 (Intel Xeon Platinum 8358, 2.60GHz)",Yes,64,64,2,1,224   ,Not Run
Cisco Systems,"Cisco UCS C220 M6 (Intel Xeon Gold 6354, 3.00GHz)",Yes,36,36,2,1,180   ,181   
Cisco Systems,"Cisco UCS C220 M6 (Intel Xeon Platinum 8360Y, 2.40GHz)",Yes,72,72,2,1,220   ,220   
Cisco Systems,"Cisco UCS C220 M6 (Intel Xeon Platinum 8352S, 2.20GHz)",Yes,64,64,2,1,210   ,210   
Cisco Systems,"Cisco UCS C220 M6 (Intel Xeon Platinum 8358P, 2.60GHz)",Yes,64,64,2,1,220   ,220   
Cisco Systems,"Cisco UCS C220 M6 (Intel Xeon Platinum 8368, 2.40GHz)",Yes,76,76,2,1,230   ,230   
Cisco Systems,"Cisco UCS X210c M6 (Intel Xeon Silver 4310, 2.10GHz)",Yes,24,24,2,1,119   ,120   
Cisco Systems,"Cisco UCS X210c M6 (Intel Xeon Silver 4314, 2.40GHz)",Yes,32,32,2,1,151   ,152   
Cisco Systems,"Cisco UCS X210c M6 (Intel Xeon Silver 4316, 2.30GHz)",Yes,40,40,2,1,159   ,160   
Cisco Systems,"Cisco UCS X210c M6 (Intel Xeon Gold 5320, 2.20GHz)",Yes,52,52,2,1,182   ,182   
Cisco Systems,"Cisco UCS X210c M6 (Intel Xeon Gold 6326, 2.90GHz)",Yes,32,32,2,1,169   ,169   
